{"is_source_file": false, "format": "", "description": "", "external_files": [], "external_methods": [], "published": [], "classes": [], "methods": [], "calls": [], "search-terms": [], "state": 2, "file_id": 12, "knowledge_revision": 19, "git_revision": "623426e615e03e2b0b3282114acb5812e3768dcc", "hash": "3c3e0ac6ae405f00036e0095d29f94a9", "format-version": 4, "code-base-name": "stock_insight_analyzer_frontend", "filename": "README.md", "revision_history": [{"19": "623426e615e03e2b0b3282114acb5812e3768dcc"}]}