{"is_source_file": false, "format": "", "description": "", "external_files": [], "external_methods": [], "published": [], "classes": [], "methods": [], "calls": [], "search-terms": ["CSS", "theme variables", "layout styles", "CSS variables", "CSS resets", "custom properties", "CSS selectors"], "state": 2, "file_id": 13, "knowledge_revision": 34, "git_revision": "af8ae6fe2e666f874f92fba62317ae96e026be42", "hash": "107111b4d64bbea1034116299bbffde0", "format-version": 4, "code-base-name": "stock_insight_analyzer_frontend", "filename": "stock_insight_analyzer_frontend/src/styles/theme.css", "revision_history": [{"34": "af8ae6fe2e666f874f92fba62317ae96e026be42"}]}