{"is_source_file": false, "format": "", "description": "", "external_files": [], "external_methods": [], "published": [], "classes": [], "methods": [], "calls": [], "search-terms": [], "state": 2, "file_id": 6, "knowledge_revision": 92, "git_revision": "7761f86dcf11110fff07c16e879e680190c4e01d", "ctags": [], "hash": "375c4af47d9c7511ca852117451bf468", "format-version": 4, "code-base-name": "stock_insight_analyzer_frontend", "filename": "stock_insight_analyzer_frontend/src/setupTests.js", "revision_history": [{"92": "7761f86dcf11110fff07c16e879e680190c4e01d"}]}