{"is_source_file": false, "format": "", "description": "", "external_files": [], "external_methods": [], "published": [], "classes": [], "methods": [], "calls": [], "search-terms": [], "state": 2, "file_id": 6, "knowledge_revision": 23, "git_revision": "75451440dfdc9e521d6a4726dfbc2284924ed1fd", "ctags": [], "hash": "1a77571e1a8cf36018a41bcedf60db75", "format-version": 4, "code-base-name": "stock_insight_analyzer_frontend", "filename": "stock_insight_analyzer_frontend/src/setupTests.js", "revision_history": [{"23": "75451440dfdc9e521d6a4726dfbc2284924ed1fd"}]}