{"is_source_file": true, "format": "JavaScript (React JSX)", "description": "This file defines a React functional component named 'Sidebar' that renders a navigational sidebar with links, filters, and a tip card for a stock insights dashboard frontend.", "external_files": ["../ui/Card", "../ui/Input", "../ui/Button", "../ui/Badge"], "external_methods": ["React", "NavLink"], "published": ["Sidebar"], "classes": [], "methods": [{"name": "linkStyle", "description": "A style object generator for navigation links, dynamically styling based on whether the link is active."}, {"name": "Sidebar({ collapsed, filters, onChangeFilters, counts })", "description": "Main React component that renders the sidebar with navigation links, filters, and a tip card.", "scope": "", "scopeKind": ""}], "calls": ["React", "NavLink", "Badge", "Input", "Button", "Card"], "search-terms": ["Sidebar", "navigation", "filters", "React component", "dashboard sidebar", "stock-insights"], "state": 3, "file_id": 25, "knowledge_revision": 63, "git_revision": "af8ae6fe2e666f874f92fba62317ae96e026be42", "ctags": [{"_type": "tag", "name": "Sidebar", "path": "/home/kavia/workspace/code-generation/stock-insights-dashboard-239614-239623/stock_insight_analyzer_frontend/src/components/layout/Sidebar.js", "pattern": "/^export function Sidebar({ collapsed, filters, onChangeFilters, counts }) {$/", "language": "JavaScript", "kind": "function", "signature": "({ collapsed, filters, onChangeFilters, counts })"}, {"_type": "tag", "name": "isActive", "path": "/home/kavia/workspace/code-generation/stock-insights-dashboard-239614-239623/stock_insight_analyzer_frontend/src/components/layout/Sidebar.js", "pattern": "/^const linkStyle = ({ isActive }) => ({$/", "language": "JavaScript", "kind": "field", "scope": "linkStyle", "scopeKind": "class"}, {"_type": "tag", "name": "linkStyle", "path": "/home/kavia/workspace/code-generation/stock-insights-dashboard-239614-239623/stock_insight_analyzer_frontend/src/components/layout/Sidebar.js", "pattern": "/^const linkStyle = ({ isActive }) => ({$/", "language": "JavaScript", "kind": "constant"}, {"_type": "tag", "name": "sidebar ${collapsed ? \"sidebarCollapsed\" : \"\"}", "path": "/home/kavia/workspace/code-generation/stock-insights-dashboard-239614-239623/stock_insight_analyzer_frontend/src/components/layout/Sidebar.js", "pattern": "/^    <aside className={`sidebar ${collapsed ? \"sidebarCollapsed\" : \"\"}`.trim()}>$/", "language": "JavaScript", "kind": "field", "scope": "Sidebar.AnonymousClass44d9495c0101", "scopeKind": "class"}], "hash": "fc70aba8c08775cc6297e7725a79fdf3", "format-version": 4, "code-base-name": "stock_insight_analyzer_frontend", "filename": "stock_insight_analyzer_frontend/src/components/layout/Sidebar.js", "fields": [{"name": "const linkStyle = ({ isActive }) => ({", "scope": "linkStyle", "scopeKind": "class", "description": "unavailable"}, {"name": "<aside className={`sidebar ${collapsed ? \"sidebarCollapsed\" : \"\"}`.trim()}>", "scope": "Sidebar.AnonymousClass44d9495c0101", "scopeKind": "class", "description": "unavailable"}], "revision_history": [{"63": "af8ae6fe2e666f874f92fba62317ae96e026be42"}]}