{"is_source_file": false, "format": "", "description": "", "external_files": [], "external_methods": [], "published": [], "classes": [], "methods": [], "calls": [], "search-terms": [], "state": 2, "file_id": 7, "knowledge_revision": 17, "git_revision": "75451440dfdc9e521d6a4726dfbc2284924ed1fd", "hash": "6c2104b8d219ed99234ae2d6329f4357", "format-version": 4, "code-base-name": "stock_insight_analyzer_frontend", "filename": "stock_insight_analyzer_frontend/src/index.css", "revision_history": [{"17": "75451440dfdc9e521d6a4726dfbc2284924ed1fd"}]}