{"is_source_file": false, "format": "", "description": "", "external_files": [], "external_methods": [], "published": [], "classes": [], "methods": [], "calls": [], "search-terms": [], "state": 2, "file_id": 7, "knowledge_revision": 27, "git_revision": "75451440dfdc9e521d6a4726dfbc2284924ed1fd", "hash": "d8ec0e3b2eabafd71e9ad797169d102a", "format-version": 4, "code-base-name": "stock_insight_analyzer_frontend", "filename": "stock_insight_analyzer_frontend/src/index.css", "revision_history": [{"27": "75451440dfdc9e521d6a4726dfbc2284924ed1fd"}]}