{"is_source_file": true, "format": "JavaScript", "description": "This file provides mock data and dummy functions used for testing or fallback purposes in a stock insights dashboard front-end. It includes sample datasets for symbols, dashboards, news, watchlists, and a function to generate mock detailed data for individual stocks.", "external_files": [], "external_methods": [], "published": ["MOCK_SYMBOLS", "MOCK_DASHBOARD", "MOCK_NEWS", "MOCK_WATCHLIST", "mockDetails"], "classes": [], "methods": [{"name": "mockDetails(symbol)", "description": "Generates mock detailed data for a given stock symbol, including stats, insights, and a time series.", "scope": "", "scopeKind": ""}], "calls": ["Date.now()", "Math.random()", "Array.from", "Array.prototype.find"], "search-terms": ["MOCK_SYMBOLS", "mockDetails", "dashboard", "mockData", "stock symbols", "mock watchlist"], "state": 2, "file_id": 15, "knowledge_revision": 53, "git_revision": "af8ae6fe2e666f874f92fba62317ae96e026be42", "ctags": [{"_type": "tag", "name": "MOCK_DASHBOARD", "path": "/home/kavia/workspace/code-generation/stock-insights-dashboard-239614-239623/stock_insight_analyzer_frontend/src/services/mockData.js", "pattern": "/^export const MOCK_DASHBOARD = {$/", "language": "JavaScript", "kind": "class"}, {"_type": "tag", "name": "MOCK_NEWS", "path": "/home/kavia/workspace/code-generation/stock-insights-dashboard-239614-239623/stock_insight_analyzer_frontend/src/services/mockData.js", "pattern": "/^export const MOCK_NEWS = [$/", "language": "JavaScript", "kind": "constant"}, {"_type": "tag", "name": "MOCK_SYMBOLS", "path": "/home/kavia/workspace/code-generation/stock-insights-dashboard-239614-239623/stock_insight_analyzer_frontend/src/services/mockData.js", "pattern": "/^export const MOCK_SYMBOLS = [\"AAPL\", \"MSFT\", \"NVDA\", \"AMZN\", \"TSLA\", \"GOOGL\"];$/", "language": "JavaScript", "kind": "constant"}, {"_type": "tag", "name": "MOCK_WATCHLIST", "path": "/home/kavia/workspace/code-generation/stock-insights-dashboard-239614-239623/stock_insight_analyzer_frontend/src/services/mockData.js", "pattern": "/^export const MOCK_WATCHLIST = [$/", "language": "JavaScript", "kind": "constant"}, {"_type": "tag", "name": "asOf", "path": "/home/kavia/workspace/code-generation/stock-insights-dashboard-239614-239623/stock_insight_analyzer_frontend/src/services/mockData.js", "pattern": "/^    asOf: new Date().toISOString(),$/", "language": "JavaScript", "kind": "property", "scope": "MOCK_DASHBOARD.market", "scopeKind": "class"}, {"_type": "tag", "name": "breadth", "path": "/home/kavia/workspace/code-generation/stock-insights-dashboard-239614-239623/stock_insight_analyzer_frontend/src/services/mockData.js", "pattern": "/^    breadth: 0.62,$/", "language": "JavaScript", "kind": "property", "scope": "MOCK_DASHBOARD.market", "scopeKind": "class"}, {"_type": "tag", "name": "kpis", "path": "/home/kavia/workspace/code-generation/stock-insights-dashboard-239614-239623/stock_insight_analyzer_frontend/src/services/mockData.js", "pattern": "/^  kpis: [$/", "language": "JavaScript", "kind": "property", "scope": "MOCK_DASHBOARD", "scopeKind": "class"}, {"_type": "tag", "name": "market", "path": "/home/kavia/workspace/code-generation/stock-insights-dashboard-239614-239623/stock_insight_analyzer_frontend/src/services/mockData.js", "pattern": "/^  market: {$/", "language": "JavaScript", "kind": "class", "scope": "MOCK_DASHBOARD", "scopeKind": "class"}, {"_type": "tag", "name": "mockDetails", "path": "/home/kavia/workspace/code-generation/stock-insights-dashboard-239614-239623/stock_insight_analyzer_frontend/src/services/mockData.js", "pattern": "/^export function mockDetails(symbol) {$/", "language": "JavaScript", "kind": "function", "signature": "(symbol)"}, {"_type": "tag", "name": "movers", "path": "/home/kavia/workspace/code-generation/stock-insights-dashboard-239614-239623/stock_insight_analyzer_frontend/src/services/mockData.js", "pattern": "/^  movers: [$/", "language": "JavaScript", "kind": "property", "scope": "MOCK_DASHBOARD", "scopeKind": "class"}, {"_type": "tag", "name": "portfolio", "path": "/home/kavia/workspace/code-generation/stock-insights-dashboard-239614-239623/stock_insight_analyzer_frontend/src/services/mockData.js", "pattern": "/^    portfolio: [$/", "language": "JavaScript", "kind": "property", "scope": "MOCK_DASHBOARD.series", "scopeKind": "class"}, {"_type": "tag", "name": "sentiment", "path": "/home/kavia/workspace/code-generation/stock-insights-dashboard-239614-239623/stock_insight_analyzer_frontend/src/services/mockData.js", "pattern": "/^    sentiment: \"Bullish\",$/", "language": "JavaScript", "kind": "property", "scope": "MOCK_DASHBOARD.market", "scopeKind": "class"}, {"_type": "tag", "name": "series", "path": "/home/kavia/workspace/code-generation/stock-insights-dashboard-239614-239623/stock_insight_analyzer_frontend/src/services/mockData.js", "pattern": "/^  series: {$/", "language": "JavaScript", "kind": "class", "scope": "MOCK_DASHBOARD", "scopeKind": "class"}, {"_type": "tag", "name": "volatility", "path": "/home/kavia/workspace/code-generation/stock-insights-dashboard-239614-239623/stock_insight_analyzer_frontend/src/services/mockData.js", "pattern": "/^    volatility: 18.4,$/", "language": "JavaScript", "kind": "property", "scope": "MOCK_DASHBOARD.market", "scopeKind": "class"}, {"_type": "tag", "name": "volume", "path": "/home/kavia/workspace/code-generation/stock-insights-dashboard-239614-239623/stock_insight_analyzer_frontend/src/services/mockData.js", "pattern": "/^    volume: [$/", "language": "JavaScript", "kind": "property", "scope": "MOCK_DASHBOARD.series", "scopeKind": "class"}], "hash": "aad5136079c23e6aceb9b3b856700449", "format-version": 4, "code-base-name": "stock_insight_analyzer_frontend", "filename": "stock_insight_analyzer_frontend/src/services/mockData.js", "fields": [{"name": "asOf: new Date().toISOString(),", "scope": "MOCK_DASHBOARD.market", "scopeKind": "class", "description": "unavailable"}, {"name": "breadth: 0.62,", "scope": "MOCK_DASHBOARD.market", "scopeKind": "class", "description": "unavailable"}, {"name": "kpis: [", "scope": "MOCK_DASHBOARD", "scopeKind": "class", "description": "unavailable"}, {"name": "movers: [", "scope": "MOCK_DASHBOARD", "scopeKind": "class", "description": "unavailable"}, {"name": "portfolio: [", "scope": "MOCK_DASHBOARD.series", "scopeKind": "class", "description": "unavailable"}, {"name": "sentiment: \"Bullish\",", "scope": "MOCK_DASHBOARD.market", "scopeKind": "class", "description": "unavailable"}, {"name": "volatility: 18.4,", "scope": "MOCK_DASHBOARD.market", "scopeKind": "class", "description": "unavailable"}, {"name": "volume: [", "scope": "MOCK_DASHBOARD.series", "scopeKind": "class", "description": "unavailable"}], "revision_history": [{"53": "af8ae6fe2e666f874f92fba62317ae96e026be42"}]}