{"is_source_file": true, "format": "JavaScript", "description": "This file defines a React component named SummaryCard that renders a KPI card with formatted numerical value and a delta percentage badge.", "external_files": ["./ui/Card", "./ui/Badge"], "external_methods": ["React"], "published": ["SummaryCard"], "classes": [], "methods": [{"name": "formatNum(n)", "description": "Formats a number to a locale-specific string with at most two decimal places, handling numbers over 1000 with thousand separators.", "scope": "", "scopeKind": ""}, {"name": "SummaryCard({ label, value, deltaPct })", "description": "React functional component that displays a KPI card with label, value, and delta percentage indicator.", "scope": "", "scopeKind": ""}], "calls": ["formatNum", "React"], "search-terms": ["SummaryCard", "KPI card", "formatNum", "react component", "Badge", "Card", "deltaPct"], "state": 2, "file_id": 23, "knowledge_revision": 61, "git_revision": "af8ae6fe2e666f874f92fba62317ae96e026be42", "ctags": [{"_type": "tag", "name": "SummaryCard", "path": "/home/kavia/workspace/code-generation/stock-insights-dashboard-239614-239623/stock_insight_analyzer_frontend/src/components/SummaryCard.js", "pattern": "/^export function SummaryCard({ label, value, deltaPct }) {$/", "language": "JavaScript", "kind": "function", "signature": "({ label, value, deltaPct })"}, {"_type": "tag", "name": "formatNum", "path": "/home/kavia/workspace/code-generation/stock-insights-dashboard-239614-239623/stock_insight_analyzer_frontend/src/components/SummaryCard.js", "pattern": "/^function formatNum(n) {$/", "language": "JavaScript", "kind": "function", "signature": "(n)"}, {"_type": "tag", "name": "label", "path": "/home/kavia/workspace/code-generation/stock-insights-dashboard-239614-239623/stock_insight_analyzer_frontend/src/components/SummaryCard.js", "pattern": "/^    <Card title={label} meta=\"Last close\">$/", "language": "JavaScript", "kind": "field", "scope": "SummaryCard.AnonymousClassfaebb97d0101", "scopeKind": "class"}], "hash": "4a41067bfa4a697c210cc3111a2fe986", "format-version": 4, "code-base-name": "stock_insight_analyzer_frontend", "filename": "stock_insight_analyzer_frontend/src/components/SummaryCard.js", "fields": [{"name": "<Card title={label} meta=\"Last close\">", "scope": "SummaryCard.AnonymousClassfaebb97d0101", "scopeKind": "class", "description": "unavailable"}], "revision_history": [{"61": "af8ae6fe2e666f874f92fba62317ae96e026be42"}]}