{"is_source_file": true, "format": "JavaScript (React)", "description": "This is the entry point file for a React application, responsible for rendering the root component into the DOM.", "external_files": ["react", "react-dom/client", "./index.css", "./App"], "external_methods": ["ReactDOM.createRoot"], "published": [], "classes": [], "methods": [{"name": "render", "description": "Renders the React application into the DOM using the root created by ReactDOM.createRoot."}], "calls": ["ReactDOM.createRoot", "root.render"], "search-terms": ["React", "ReactDOM", "createRoot", "render", "index.js", "entry point"], "state": 2, "file_id": 4, "knowledge_revision": 24, "git_revision": "75451440dfdc9e521d6a4726dfbc2284924ed1fd", "ctags": [{"_type": "tag", "name": "root", "path": "/home/kavia/workspace/code-generation/stock-insights-dashboard-239614-239623/stock_insight_analyzer_frontend/src/index.js", "pattern": "/^const root = ReactDOM.createRoot(document.getElementById('root'));$/", "language": "JavaScript", "kind": "constant"}], "hash": "9fc5841375336fc175b49f8767a11383", "format-version": 4, "code-base-name": "stock_insight_analyzer_frontend", "filename": "stock_insight_analyzer_frontend/src/index.js", "revision_history": [{"24": "75451440dfdc9e521d6a4726dfbc2284924ed1fd"}]}