{"is_source_file": false, "format": "", "description": "", "external_files": [], "external_methods": [], "published": [], "classes": [], "methods": [], "calls": [], "search-terms": [], "state": 2, "file_id": 8, "knowledge_revision": 28, "git_revision": "75451440dfdc9e521d6a4726dfbc2284924ed1fd", "hash": "40dbe518ace09fe08900603f8e82b7e7", "format-version": 4, "code-base-name": "stock_insight_analyzer_frontend", "filename": "stock_insight_analyzer_frontend/src/App.css", "revision_history": [{"28": "75451440dfdc9e521d6a4726dfbc2284924ed1fd"}]}