{"is_source_file": true, "format": "JavaScript (React)", "description": "This file defines a React functional component named 'Input' that renders a themed input control with customizable className and props.", "external_files": ["react"], "external_methods": [], "published": ["Input"], "classes": [], "methods": [{"name": "Input({ className = \"\", ...props })", "description": "A themed input component that applies custom class names and spreads remaining props onto the input element.", "scope": "", "scopeKind": ""}], "calls": ["React.createElement"], "search-terms": ["Input component", "React input", "themed input", "UI components"], "state": 2, "file_id": 20, "knowledge_revision": 58, "git_revision": "af8ae6fe2e666f874f92fba62317ae96e026be42", "ctags": [{"_type": "tag", "name": "Input", "path": "/home/kavia/workspace/code-generation/stock-insights-dashboard-239614-239623/stock_insight_analyzer_frontend/src/components/ui/Input.js", "pattern": "/^export function Input({ className = \"\", ...props }) {$/", "language": "JavaScript", "kind": "function", "signature": "({ className = \"\", ...props })"}, {"_type": "tag", "name": "input ${className}", "path": "/home/kavia/workspace/code-generation/stock-insights-dashboard-239614-239623/stock_insight_analyzer_frontend/src/components/ui/Input.js", "pattern": "/^  return <input className={`input ${className}`.trim()} {...props} \\/>;$/", "language": "JavaScript", "kind": "field", "scope": "Input.AnonymousClass5f3b13520101", "scopeKind": "class"}], "hash": "9be25cc3b52362f29a0596b4d4885ce8", "format-version": 4, "code-base-name": "stock_insight_analyzer_frontend", "filename": "stock_insight_analyzer_frontend/src/components/ui/Input.js", "fields": [{"name": "return <input className={`input ${className}`.trim()} {...props} \\/>;", "scope": "Input.AnonymousClass5f3b13520101", "scopeKind": "class", "description": "unavailable"}], "revision_history": [{"58": "af8ae6fe2e666f874f92fba62317ae96e026be42"}]}