{"is_source_file": true, "format": "JavaScript", "description": "This file defines a React component called TopNav that renders a top navigation bar with search input and action buttons.", "external_files": ["../ui/Input", "../ui/Button"], "external_methods": ["window.scrollTo"], "published": ["TopNav"], "classes": [], "methods": [{"name": "TopNav({ query, onQueryChange, onToggleSidebar })", "description": "React functional component rendering the top navigation bar with search and buttons.", "scope": "", "scopeKind": ""}], "calls": ["React", "Input", "Button", "window.scrollTo"], "search-terms": ["TopNav", "React component", "top navigation bar", "search input", "sidebar toggle"], "state": 2, "file_id": 24, "knowledge_revision": 62, "git_revision": "af8ae6fe2e666f874f92fba62317ae96e026be42", "ctags": [{"_type": "tag", "name": "TopNav", "path": "/home/kavia/workspace/code-generation/stock-insights-dashboard-239614-239623/stock_insight_analyzer_frontend/src/components/layout/TopNav.js", "pattern": "/^export function TopNav({ query, onQueryChange, onToggleSidebar }) {$/", "language": "JavaScript", "kind": "function", "signature": "({ query, onQueryChange, onToggleSidebar })"}, {"_type": "tag", "name": "query", "path": "/home/kavia/workspace/code-generation/stock-insights-dashboard-239614-239623/stock_insight_analyzer_frontend/src/components/layout/TopNav.js", "pattern": "/^          value={query}$/", "language": "JavaScript", "kind": "field", "scope": "TopNav.value", "scopeKind": "class"}], "hash": "288882f08494f3d2c5a71b8e98b750c1", "format-version": 4, "code-base-name": "stock_insight_analyzer_frontend", "filename": "stock_insight_analyzer_frontend/src/components/layout/TopNav.js", "fields": [{"name": "value={query}", "scope": "TopNav.value", "scopeKind": "class", "description": "unavailable"}], "revision_history": [{"62": "af8ae6fe2e666f874f92fba62317ae96e026be42"}]}