{"is_source_file": true, "format": "JavaScript", "description": "React component for rendering a tiny inline chart (line or bar) using SVG, designed to be lightweight without external dependencies.", "external_files": [], "external_methods": ["React.useMemo"], "published": ["MiniChart"], "classes": [], "methods": [{"name": "extent(values)", "description": "Calculates the minimum and maximum values from an array of numbers, with boundary handling for infinite and single-value cases.", "scope": "", "scopeKind": ""}, {"name": "scale(v, [min, max], size)", "description": "Scales a value linearly from its data range to a specified size.", "scope": "", "scopeKind": ""}, {"name": "MiniChart({ data, type = \"line\", height = 120, color = \"var(--color-primary)\" })", "scope": "", "scopeKind": "", "description": "unavailable"}], "calls": ["React.useMemo", "Math.min", "Math.max", "Array.prototype.map", "Array.prototype.join", "Array.prototype.length"], "search-terms": ["MiniChart", "React chart component", "SVG chart", "tiny inline chart", "react mini chart", "SVG line/bar", "useMemo", "React"], "state": 2, "file_id": 22, "knowledge_revision": 60, "git_revision": "af8ae6fe2e666f874f92fba62317ae96e026be42", "ctags": [{"_type": "tag", "name": "0 0 ${width} ${height}", "path": "/home/kavia/workspace/code-generation/stock-insights-dashboard-239614-239623/stock_insight_analyzer_frontend/src/components/charts/MiniChart.js", "pattern": "/^      viewBox={`0 0 ${width} ${height}`}$/", "language": "JavaScript", "kind": "field", "scope": "MiniChart.viewBox", "scopeKind": "class"}, {"_type": "tag", "name": "MiniChart", "path": "/home/kavia/workspace/code-generation/stock-insights-dashboard-239614-239623/stock_insight_analyzer_frontend/src/components/charts/MiniChart.js", "pattern": "/^export function MiniChart({ data, type = \"line\", height = 120, color = \"var(--color-primary)\" })/", "language": "JavaScript", "kind": "function", "signature": "({ data, type = \"line\", height = 120, color = \"var(--color-primary)\" })"}, {"_type": "tag", "name": "extent", "path": "/home/kavia/workspace/code-generation/stock-insights-dashboard-239614-239623/stock_insight_analyzer_frontend/src/components/charts/MiniChart.js", "pattern": "/^function extent(values) {$/", "language": "JavaScript", "kind": "function", "signature": "(values)"}, {"_type": "tag", "name": "height", "path": "/home/kavia/workspace/code-generation/stock-insights-dashboard-239614-239623/stock_insight_analyzer_frontend/src/components/charts/MiniChart.js", "pattern": "/^      height={height}$/", "language": "JavaScript", "kind": "field", "scope": "MiniChart.height", "scopeKind": "class"}, {"_type": "tag", "name": "scale", "path": "/home/kavia/workspace/code-generation/stock-insights-dashboard-239614-239623/stock_insight_analyzer_frontend/src/components/charts/MiniChart.js", "pattern": "/^function scale(v, [min, max], size) {$/", "language": "JavaScript", "kind": "function", "signature": "(v, [min, max], size)"}], "hash": "203484f58c3142ee5b45741c04651ec8", "format-version": 4, "code-base-name": "stock_insight_analyzer_frontend", "filename": "stock_insight_analyzer_frontend/src/components/charts/MiniChart.js", "fields": [{"name": "viewBox={`0 0 ${width} ${height}`}", "scope": "MiniChart.viewBox", "scopeKind": "class", "description": "unavailable"}, {"name": "height={height}", "scope": "MiniChart.height", "scopeKind": "class", "description": "unavailable"}], "revision_history": [{"60": "af8ae6fe2e666f874f92fba62317ae96e026be42"}]}