{"is_source_file": true, "format": "JavaScript (React JSX)", "description": "This file implements a React component for a detailed stock information page, fetching stock data from an API and rendering various charts, stats, and insights.", "external_files": ["../services/apiClient", "../components/ui/Card", "../components/ui/Badge", "../components/charts/MiniChart", "react", "react-router-dom"], "external_methods": ["getStockDetails"], "published": ["DetailsPage"], "classes": [], "methods": [{"name": "fmt(n)", "description": "Formats a number or value for display, handling non-numeric inputs and limiting decimal places.", "scope": "", "scopeKind": ""}, {"name": "DetailsPage()", "description": "Main React component for displaying detailed stock information, fetching data on mount and rendering various UI elements.", "scope": "", "scopeKind": ""}], "calls": ["react.useEffect", "react.useMemo", "react.useState", "react-router-dom.useParams", "react-router-dom.useOutletContext", "react-router-dom.Link", "getStockDetails"], "search-terms": ["DetailsPage", "Stock details React component", "useParams stock symbol", "MiniChart", "Stock data fetch"], "state": 2, "file_id": 28, "knowledge_revision": 66, "git_revision": "af8ae6fe2e666f874f92fba62317ae96e026be42", "ctags": [{"_type": "tag", "name": "DetailsPage", "path": "/home/kavia/workspace/code-generation/stock-insights-dashboard-239614-239623/stock_insight_analyzer_frontend/src/pages/DetailsPage.js", "pattern": "/^export default function DetailsPage() {$/", "language": "JavaScript", "kind": "function", "signature": "()"}, {"_type": "tag", "name": "fmt", "path": "/home/kavia/workspace/code-generation/stock-insights-dashboard-239614-239623/stock_insight_analyzer_frontend/src/pages/DetailsPage.js", "pattern": "/^function fmt(n) {$/", "language": "JavaScript", "kind": "function", "signature": "(n)"}], "hash": "cf3b506e6b3be640aa982c766fd48cc9", "format-version": 4, "code-base-name": "stock_insight_analyzer_frontend", "filename": "stock_insight_analyzer_frontend/src/pages/DetailsPage.js", "revision_history": [{"66": "af8ae6fe2e666f874f92fba62317ae96e026be42"}]}