{"is_source_file": false, "format": "", "description": "", "external_files": [], "external_methods": [], "published": [], "classes": [], "methods": [], "calls": [], "search-terms": [], "state": 2, "file_id": 13, "knowledge_revision": 88, "git_revision": "af8ae6fe2e666f874f92fba62317ae96e026be42", "hash": "0ddd961bfac7c9e758189c82af19c41e", "format-version": 4, "code-base-name": "stock_insight_analyzer_frontend", "filename": "stock_insight_analyzer_frontend/src/styles/theme.css", "revision_history": [{"88": "af8ae6fe2e666f874f92fba62317ae96e026be42"}]}