{"is_source_file": false, "format": "", "description": "", "external_files": [], "external_methods": [], "published": [], "classes": [], "methods": [], "calls": [], "search-terms": [], "state": 2, "file_id": 9, "knowledge_revision": 18, "git_revision": "75451440dfdc9e521d6a4726dfbc2284924ed1fd", "hash": "ebece526bc2eadd78ddd787a76c56607", "format-version": 4, "code-base-name": "stock_insight_analyzer_frontend", "filename": "stock_insight_analyzer_frontend/README.md", "revision_history": [{"18": "75451440dfdc9e521d6a4726dfbc2284924ed1fd"}]}