{"is_source_file": true, "format": "JavaScript", "description": "This file defines environment helpers for a React create-app (CRA) project, providing functions to read environment variables with fallback options.", "external_files": [], "external_methods": ["process.env"], "published": ["getApiBaseUrl", "getWsUrl", "getFeatureFlags"], "classes": [], "methods": [{"name": "readEnv", "description": "Retrieves the value of a specified environment variable, returning a fallback if not set or empty."}, {"name": "getApiBaseUrl()", "description": "Returns the API base URL from environment variables REACT_APP_API_BASE or REACT_APP_BACKEND_URL.", "scope": "", "scopeKind": ""}, {"name": "getWsUrl()", "description": "Returns the WebSocket URL from environment variable REACT_APP_WS_URL.", "scope": "", "scopeKind": ""}, {"name": "getFeatureFlags()", "description": "Returns feature flags parsed from REACT_APP_FEATURE_FLAGS as JSON, or an empty object if not set or invalid.", "scope": "", "scopeKind": ""}], "calls": ["readEnv"], "search-terms": ["env", "environment", "REACT_APP", "CRA", "config", "environment variables"], "state": 2, "file_id": 14, "knowledge_revision": 52, "git_revision": "af8ae6fe2e666f874f92fba62317ae96e026be42", "ctags": [{"_type": "tag", "name": "getApiBaseUrl", "path": "/home/kavia/workspace/code-generation/stock-insights-dashboard-239614-239623/stock_insight_analyzer_frontend/src/config/env.js", "pattern": "/^export function getApiBaseUrl() {$/", "language": "JavaScript", "kind": "function", "signature": "()"}, {"_type": "tag", "name": "getFeatureFlags", "path": "/home/kavia/workspace/code-generation/stock-insights-dashboard-239614-239623/stock_insight_analyzer_frontend/src/config/env.js", "pattern": "/^export function getFeatureFlags() {$/", "language": "JavaScript", "kind": "function", "signature": "()"}, {"_type": "tag", "name": "getWsUrl", "path": "/home/kavia/workspace/code-generation/stock-insights-dashboard-239614-239623/stock_insight_analyzer_frontend/src/config/env.js", "pattern": "/^export function getWsUrl() {$/", "language": "JavaScript", "kind": "function", "signature": "()"}, {"_type": "tag", "name": "readEnv", "path": "/home/kavia/workspace/code-generation/stock-insights-dashboard-239614-239623/stock_insight_analyzer_frontend/src/config/env.js", "pattern": "/^const readEnv = (key, fallback = \"\") => {$/", "language": "JavaScript", "kind": "constant"}, {"_type": "tag", "name": "v", "path": "/home/kavia/workspace/code-generation/stock-insights-dashboard-239614-239623/stock_insight_analyzer_frontend/src/config/env.js", "pattern": "/^  const v = process.env[key];$/", "language": "JavaScript", "kind": "constant"}], "hash": "c6746dea95dad94cec340a35cfbb38dc", "format-version": 4, "code-base-name": "stock_insight_analyzer_frontend", "filename": "stock_insight_analyzer_frontend/src/config/env.js", "revision_history": [{"52": "af8ae6fe2e666f874f92fba62317ae96e026be42"}]}