{"is_source_file": true, "format": "JavaScript (React component)", "description": "This file defines a React functional component for a 404 Not Found page in a web application. It displays a message indicating that the requested page does not exist and provides a link to return to the dashboard.", "external_files": ["react", "react-router-dom"], "external_methods": ["React", "Link"], "published": ["NotFoundPage"], "classes": [], "methods": [{"name": "NotFoundPage()", "description": "React functional component rendering a 404 page with a link back to the dashboard.", "scope": "", "scopeKind": ""}], "calls": ["React", "Link"], "search-terms": ["NotFoundPage", "404", "Page not found", "react", "react-router-dom", "component"], "state": 2, "file_id": 32, "knowledge_revision": 70, "git_revision": "af8ae6fe2e666f874f92fba62317ae96e026be42", "ctags": [{"_type": "tag", "name": "NotFoundPage", "path": "/home/kavia/workspace/code-generation/stock-insights-dashboard-239614-239623/stock_insight_analyzer_frontend/src/pages/NotFoundPage.js", "pattern": "/^export default function NotFoundPage() {$/", "language": "JavaScript", "kind": "function", "signature": "()"}], "hash": "f5b0f76574cf781e85feb5734ccc69d0", "format-version": 4, "code-base-name": "stock_insight_analyzer_frontend", "filename": "stock_insight_analyzer_frontend/src/pages/NotFoundPage.js", "revision_history": [{"70": "af8ae6fe2e666f874f92fba62317ae96e026be42"}]}