{"is_source_file": true, "format": "JavaScript (React JSX)", "description": "This file defines a React functional component named SettingsPage, which renders a settings UI allowing users to view and configure environment connectivity options and UI preferences.", "external_files": ["../components/ui/Card", "../components/ui/Badge", "../components/ui/Button", "../config/env"], "external_methods": ["getApiBaseUrl", "getWsUrl"], "published": [], "classes": [], "methods": [{"name": "SettingsPage()", "description": "React functional component rendering the Settings page interface.", "scope": "", "scopeKind": ""}], "calls": ["useState", "useMemo", "getApiBaseUrl", "getWsUrl", "setReducedMotion", "document.documentElement.style.scrollBehavior"], "search-terms": ["SettingsPage", "React", "environment variables", "connectivity", "UI preferences", "mock data", "reduce motion"], "state": 2, "file_id": 31, "knowledge_revision": 69, "git_revision": "af8ae6fe2e666f874f92fba62317ae96e026be42", "ctags": [{"_type": "tag", "name": "SettingsPage", "path": "/home/kavia/workspace/code-generation/stock-insights-dashboard-239614-239623/stock_insight_analyzer_frontend/src/pages/SettingsPage.js", "pattern": "/^export default function SettingsPage() {$/", "language": "JavaScript", "kind": "function", "signature": "()"}, {"_type": "tag", "name": "reducedMotion", "path": "/home/kavia/workspace/code-generation/stock-insights-dashboard-239614-239623/stock_insight_analyzer_frontend/src/pages/SettingsPage.js", "pattern": "/^                  checked={reducedMotion}$/", "language": "JavaScript", "kind": "field", "scope": "checked", "scopeKind": "class"}], "hash": "6dfbf92e760be6a663eaa8dc3e900fa0", "format-version": 4, "code-base-name": "stock_insight_analyzer_frontend", "filename": "stock_insight_analyzer_frontend/src/pages/SettingsPage.js", "fields": [{"name": "checked={reducedMotion}", "scope": "checked", "scopeKind": "class", "description": "unavailable"}], "revision_history": [{"69": "af8ae6fe2e666f874f92fba62317ae96e026be42"}]}