{"is_source_file": true, "format": "JavaScript", "description": "This file defines a model for stock analysis, including 43 factors with specific weights and associated functions to normalize inputs and compute a predicted 1-day growth percentage based on these factors. It contains data structures, helper functions, and exportable functions relevant to a stock insights dashboard.", "external_files": [], "external_methods": [], "published": ["getModel43Spec", "computePredicted1DayGrowthPctFromFactors"], "classes": [], "methods": [{"name": "getModel43Spec()", "description": "Returns the locked 43-factor definitions and weights, including total weight and factor details.", "scope": "", "scopeKind": ""}, {"name": "computePredicted1DayGrowthPctFromFactors(factorInputs)", "description": "Computes a weighted normalized score and corresponding predicted 1-day growth percentage from given factor inputs.", "scope": "", "scopeKind": ""}, {"name": "isFiniteNumber(v)", "scope": "", "scopeKind": "", "description": "unavailable"}, {"name": "normalizeFactorValue(v)", "scope": "", "scopeKind": "", "description": "unavailable"}, {"name": "pctToUnit(pct)", "scope": "", "scopeKind": "", "description": "unavailable"}, {"name": "scoreToPredictedGrowthPct(score01)", "scope": "", "scopeKind": "", "description": "unavailable"}, {"name": "sumWeightsPct()", "scope": "", "scopeKind": "", "description": "unavailable"}], "calls": ["normalizeFactorValue", "scoreToPredictedGrowthPct"], "search-terms": ["stockCheckModel43", "43-factor-spec", "calculate predicted growth", "factor normalization", "weighted stock factor model", "stock analysis factors"], "state": 2, "file_id": 36, "knowledge_revision": 83, "git_revision": "", "ctags": [{"_type": "tag", "name": "FACTORS_43", "path": "/home/kavia/workspace/code-generation/stock-insights-dashboard-239614-239623/stock_insight_analyzer_frontend/src/services/stockCheckModel43.js", "pattern": "/^const FACTORS_43 = [$/", "language": "JavaScript", "kind": "constant"}, {"_type": "tag", "name": "MODEL43_SPEC_VERSION", "path": "/home/kavia/workspace/code-generation/stock-insights-dashboard-239614-239623/stock_insight_analyzer_frontend/src/services/stockCheckModel43.js", "pattern": "/^const MODEL43_SPEC_VERSION = \"43-factor-spec@2026-02-14\";$/", "language": "JavaScript", "kind": "constant"}, {"_type": "tag", "name": "computePredicted1DayGrowthPctFromFactors", "path": "/home/kavia/workspace/code-generation/stock-insights-dashboard-239614-239623/stock_insight_analyzer_frontend/src/services/stockCheckModel43.js", "pattern": "/^export function computePredicted1DayGrowthPctFromFactors(factorInputs) {$/", "language": "JavaScript", "kind": "function", "signature": "(factorInputs)"}, {"_type": "tag", "name": "getModel43Spec", "path": "/home/kavia/workspace/code-generation/stock-insights-dashboard-239614-239623/stock_insight_analyzer_frontend/src/services/stockCheckModel43.js", "pattern": "/^export function getModel43Spec() {$/", "language": "JavaScript", "kind": "function", "signature": "()"}, {"_type": "tag", "name": "isFiniteNumber", "path": "/home/kavia/workspace/code-generation/stock-insights-dashboard-239614-239623/stock_insight_analyzer_frontend/src/services/stockCheckModel43.js", "pattern": "/^function isFiniteNumber(v) {$/", "language": "JavaScript", "kind": "function", "signature": "(v)"}, {"_type": "tag", "name": "normalizeFactorValue", "path": "/home/kavia/workspace/code-generation/stock-insights-dashboard-239614-239623/stock_insight_analyzer_frontend/src/services/stockCheckModel43.js", "pattern": "/^function normalizeFactorValue(v) {$/", "language": "JavaScript", "kind": "function", "signature": "(v)"}, {"_type": "tag", "name": "pctToUnit", "path": "/home/kavia/workspace/code-generation/stock-insights-dashboard-239614-239623/stock_insight_analyzer_frontend/src/services/stockCheckModel43.js", "pattern": "/^function pctToUnit(pct) {$/", "language": "JavaScript", "kind": "function", "signature": "(pct)"}, {"_type": "tag", "name": "scoreToPredictedGrowthPct", "path": "/home/kavia/workspace/code-generation/stock-insights-dashboard-239614-239623/stock_insight_analyzer_frontend/src/services/stockCheckModel43.js", "pattern": "/^function scoreToPredictedGrowthPct(score01) {$/", "language": "JavaScript", "kind": "function", "signature": "(score01)"}, {"_type": "tag", "name": "sumWeightsPct", "path": "/home/kavia/workspace/code-generation/stock-insights-dashboard-239614-239623/stock_insight_analyzer_frontend/src/services/stockCheckModel43.js", "pattern": "/^function sumWeightsPct() {$/", "language": "JavaScript", "kind": "function", "signature": "()"}], "hash": "b5d659e43f32408ad564d9f565cb1daa", "format-version": 4, "code-base-name": "stock_insight_analyzer_frontend", "filename": "stock_insight_analyzer_frontend/src/services/stockCheckModel43.js", "revision_history": [{"83": ""}]}