{"is_source_file": true, "format": "JavaScript", "description": "This source file implements a stock analysis service for predicting stock movements and ranking stocks based on predicted 1-day growth percentages. It provides functions for computing predictions, sorting stocks, validating output schema, and generating a mock universe for testing.", "external_files": ["./stockCheckModel43"], "external_methods": ["computePredicted1DayGrowthPctFromFactors"], "published": ["runStockCheck", "makeMockUniverse"], "classes": [], "methods": [{"name": "runStockCheck({ currentDate, predictionDate, universe, eodPrices, macroOverrideNoTrade = false, })", "description": "Executes the stock check process: validates inputs, ranks stocks by predicted growth, appends INTC if absent, computes trade signals, and outputs structured prediction results along with a display table.", "scope": "", "scopeKind": ""}, {"name": "makeMockUniverse(size = 250)", "description": "Creates a deterministic mock universe of stock data for testing or offline demos, including model factors and returns.", "scope": "", "scopeKind": ""}, {"name": "canonicalDisplaySort(rows)", "scope": "", "scopeKind": "", "description": "unavailable"}, {"name": "computeTradeHeader(top10)", "scope": "", "scopeKind": "", "description": "unavailable"}, {"name": "ensurePredictedGrowthPct(u)", "scope": "", "scopeKind": "", "description": "unavailable"}, {"name": "isFiniteNumber(v)", "scope": "", "scopeKind": "", "description": "unavailable"}, {"name": "stableSortByPredictedGrowthDesc(items)", "scope": "", "scopeKind": "", "description": "unavailable"}, {"name": "toPct(n)", "scope": "", "scopeKind": "", "description": "unavailable"}, {"name": "validateOutputSchema(out)", "scope": "", "scopeKind": "", "description": "unavailable"}], "calls": ["computePredicted1DayGrowthPctFromFactors", "stableSortByPredictedGrowthDesc", "validateOutputSchema", "ensurePredictedGrowthPct"], "search-terms": ["stockCheck", "predictive ranking", "stock universe", "model_factors_43", "predicted_1day_growth_pct", "trade_header", "mock universe"], "state": 2, "file_id": 33, "knowledge_revision": 85, "git_revision": "27f6375bbf5bc8d54d9d1c93be4bdd657fbaf471", "revision_history": [{"76": "bc71c709ebb929c7e6e452b1a64f1ac9d14b3e41"}, {"81": "bc71c709ebb929c7e6e452b1a64f1ac9d14b3e41"}, {"84": "27f6375bbf5bc8d54d9d1c93be4bdd657fbaf471"}, {"85": "27f6375bbf5bc8d54d9d1c93be4bdd657fbaf471"}], "ctags": [{"_type": "tag", "name": "CANONICAL_COLUMNS", "path": "/home/kavia/workspace/code-generation/stock-insights-dashboard-239614-239623/stock_insight_analyzer_frontend/src/services/stockCheck.js", "pattern": "/^export const CANONICAL_COLUMNS = [$/", "language": "JavaScript", "kind": "constant"}, {"_type": "tag", "name": "INTC_TICKER", "path": "/home/kavia/workspace/code-generation/stock-insights-dashboard-239614-239623/stock_insight_analyzer_frontend/src/services/stockCheck.js", "pattern": "/^const INTC_TICKER = \"INTC\";$/", "language": "JavaScript", "kind": "constant"}, {"_type": "tag", "name": "MODEL_VERSION", "path": "/home/kavia/workspace/code-generation/stock-insights-dashboard-239614-239623/stock_insight_analyzer_frontend/src/services/stockCheck.js", "pattern": "/^const MODEL_VERSION = \"Stock Check v1.0\";$/", "language": "JavaScript", "kind": "constant"}, {"_type": "tag", "name": "REQUIRED_MIN_UNIVERSE", "path": "/home/kavia/workspace/code-generation/stock-insights-dashboard-239614-239623/stock_insight_analyzer_frontend/src/services/stockCheck.js", "pattern": "/^const REQUIRED_MIN_UNIVERSE = 100; \\/\\/ spec requires \"full tradable ticker universe\" (guardrail/", "language": "JavaScript", "kind": "constant"}, {"_type": "tag", "name": "canonicalDisplaySort", "path": "/home/kavia/workspace/code-generation/stock-insights-dashboard-239614-239623/stock_insight_analyzer_frontend/src/services/stockCheck.js", "pattern": "/^function canonicalDisplaySort(rows) {$/", "language": "JavaScript", "kind": "function", "signature": "(rows)"}, {"_type": "tag", "name": "computeTradeHeader", "path": "/home/kavia/workspace/code-generation/stock-insights-dashboard-239614-239623/stock_insight_analyzer_frontend/src/services/stockCheck.js", "pattern": "/^function computeTradeHeader(top10) {$/", "language": "JavaScript", "kind": "function", "signature": "(top10)"}, {"_type": "tag", "name": "current_date", "path": "/home/kavia/workspace/code-generation/stock-insights-dashboard-239614-239623/stock_insight_analyzer_frontend/src/services/stockCheck.js", "pattern": "/^    current_date: currentDate,$/", "language": "JavaScript", "kind": "property", "scope": "runStockCheck.output", "scopeKind": "class"}, {"_type": "tag", "name": "ensurePredictedGrowthPct", "path": "/home/kavia/workspace/code-generation/stock-insights-dashboard-239614-239623/stock_insight_analyzer_frontend/src/services/stockCheck.js", "pattern": "/^function ensurePredictedGrowthPct(u) {$/", "language": "JavaScript", "kind": "function", "signature": "(u)"}, {"_type": "tag", "name": "isFiniteNumber", "path": "/home/kavia/workspace/code-generation/stock-insights-dashboard-239614-239623/stock_insight_analyzer_frontend/src/services/stockCheck.js", "pattern": "/^function isFiniteNumber(v) {$/", "language": "JavaScript", "kind": "function", "signature": "(v)"}, {"_type": "tag", "name": "makeMockUniverse", "path": "/home/kavia/workspace/code-generation/stock-insights-dashboard-239614-239623/stock_insight_analyzer_frontend/src/services/stockCheck.js", "pattern": "/^export function makeMockUniverse(size = 250) {$/", "language": "JavaScript", "kind": "function", "signature": "(size = 250)"}, {"_type": "tag", "name": "model_version", "path": "/home/kavia/workspace/code-generation/stock-insights-dashboard-239614-239623/stock_insight_analyzer_frontend/src/services/stockCheck.js", "pattern": "/^    model_version: MODEL_VERSION,$/", "language": "JavaScript", "kind": "property", "scope": "runStockCheck.output", "scopeKind": "class"}, {"_type": "tag", "name": "output", "path": "/home/kavia/workspace/code-generation/stock-insights-dashboard-239614-239623/stock_insight_analyzer_frontend/src/services/stockCheck.js", "pattern": "/^  const output = {$/", "language": "JavaScript", "kind": "class", "scope": "runStockCheck", "scopeKind": "class"}, {"_type": "tag", "name": "prediction_date", "path": "/home/kavia/workspace/code-generation/stock-insights-dashboard-239614-239623/stock_insight_analyzer_frontend/src/services/stockCheck.js", "pattern": "/^    prediction_date: predictionDate,$/", "language": "JavaScript", "kind": "property", "scope": "runStockCheck.output", "scopeKind": "class"}, {"_type": "tag", "name": "results", "path": "/home/kavia/workspace/code-generation/stock-insights-dashboard-239614-239623/stock_insight_analyzer_frontend/src/services/stockCheck.js", "pattern": "/^    results,$/", "language": "JavaScript", "kind": "field", "scope": "runStockCheck.output", "scopeKind": "class"}, {"_type": "tag", "name": "runStockCheck", "path": "/home/kavia/workspace/code-generation/stock-insights-dashboard-239614-239623/stock_insight_analyzer_frontend/src/services/stockCheck.js", "pattern": "/^export function runStockCheck({$/", "language": "JavaScript", "kind": "function", "signature": "({ currentDate, predictionDate, universe, eodPrices, macroOverrideNoTrade = false, })"}, {"_type": "tag", "name": "sector_warning", "path": "/home/kavia/workspace/code-generation/stock-insights-dashboard-239614-239623/stock_insight_analyzer_frontend/src/services/stockCheck.js", "pattern": "/^    sector_warning: headerCalc.sector_warning,$/", "language": "JavaScript", "kind": "property", "scope": "runStockCheck.output", "scopeKind": "class"}, {"_type": "tag", "name": "stableSortByPredictedGrowthDesc", "path": "/home/kavia/workspace/code-generation/stock-insights-dashboard-239614-239623/stock_insight_analyzer_frontend/src/services/stockCheck.js", "pattern": "/^function stableSortByPredictedGrowthDesc(items) {$/", "language": "JavaScript", "kind": "function", "signature": "(items)"}, {"_type": "tag", "name": "toPct", "path": "/home/kavia/workspace/code-generation/stock-insights-dashboard-239614-239623/stock_insight_analyzer_frontend/src/services/stockCheck.js", "pattern": "/^function toPct(n) {$/", "language": "JavaScript", "kind": "function", "signature": "(n)"}, {"_type": "tag", "name": "trade_header", "path": "/home/kavia/workspace/code-generation/stock-insights-dashboard-239614-239623/stock_insight_analyzer_frontend/src/services/stockCheck.js", "pattern": "/^    trade_header: macroOverrideNoTrade ? \"NO TRADE\" : headerCalc.trade_header,$/", "language": "JavaScript", "kind": "property", "scope": "runStockCheck.output", "scopeKind": "class"}, {"_type": "tag", "name": "validateOutputSchema", "path": "/home/kavia/workspace/code-generation/stock-insights-dashboard-239614-239623/stock_insight_analyzer_frontend/src/services/stockCheck.js", "pattern": "/^function validateOutputSchema(out) {$/", "language": "JavaScript", "kind": "function", "signature": "(out)"}], "hash": "b8fa8825db799407aaba01ee588adb41", "format-version": 4, "code-base-name": "stock_insight_analyzer_frontend", "filename": "stock_insight_analyzer_frontend/src/services/stockCheck.js", "fields": [{"name": "current_date: currentDate,", "scope": "runStockCheck.output", "scopeKind": "class", "description": "unavailable"}, {"name": "model_version: MODEL_VERSION,", "scope": "runStockCheck.output", "scopeKind": "class", "description": "unavailable"}, {"name": "prediction_date: predictionDate,", "scope": "runStockCheck.output", "scopeKind": "class", "description": "unavailable"}, {"name": "results,", "scope": "runStockCheck.output", "scopeKind": "class", "description": "unavailable"}, {"name": "sector_warning: headerCalc.sector_warning,", "scope": "runStockCheck.output", "scopeKind": "class", "description": "unavailable"}, {"name": "trade_header: macroOverrideNoTrade ? \"NO TRADE\" : headerCalc.trade_header,", "scope": "runStockCheck.output", "scopeKind": "class", "description": "unavailable"}]}