{"is_source_file": true, "file_id": 33, "git_revision": "", "state": 1, "description": "", "external_files": [], "external_methods": [], "published": [], "classes": [], "methods": [], "calls": [], "search-terms": [], "ctags": [{"_type": "tag", "name": "CANONICAL_COLUMNS", "path": "/home/kavia/workspace/code-generation/stock-insights-dashboard-239614-239623/stock_insight_analyzer_frontend/src/services/stockCheck.js", "pattern": "/^export const CANONICAL_COLUMNS = [$/", "language": "JavaScript", "kind": "constant"}, {"_type": "tag", "name": "INTC_TICKER", "path": "/home/kavia/workspace/code-generation/stock-insights-dashboard-239614-239623/stock_insight_analyzer_frontend/src/services/stockCheck.js", "pattern": "/^const INTC_TICKER = \"INTC\";$/", "language": "JavaScript", "kind": "constant"}, {"_type": "tag", "name": "MODEL_VERSION", "path": "/home/kavia/workspace/code-generation/stock-insights-dashboard-239614-239623/stock_insight_analyzer_frontend/src/services/stockCheck.js", "pattern": "/^const MODEL_VERSION = \"Stock Check v1.0\";$/", "language": "JavaScript", "kind": "constant"}, {"_type": "tag", "name": "REQUIRED_MIN_UNIVERSE", "path": "/home/kavia/workspace/code-generation/stock-insights-dashboard-239614-239623/stock_insight_analyzer_frontend/src/services/stockCheck.js", "pattern": "/^const REQUIRED_MIN_UNIVERSE = 100; \\/\\/ spec requires \"full tradable ticker universe\" (guardrail/", "language": "JavaScript", "kind": "constant"}, {"_type": "tag", "name": "canonicalDisplaySort", "path": "/home/kavia/workspace/code-generation/stock-insights-dashboard-239614-239623/stock_insight_analyzer_frontend/src/services/stockCheck.js", "pattern": "/^function canonicalDisplaySort(rows) {$/", "language": "JavaScript", "kind": "function", "signature": "(rows)"}, {"_type": "tag", "name": "computeTradeHeader", "path": "/home/kavia/workspace/code-generation/stock-insights-dashboard-239614-239623/stock_insight_analyzer_frontend/src/services/stockCheck.js", "pattern": "/^function computeTradeHeader(top10) {$/", "language": "JavaScript", "kind": "function", "signature": "(top10)"}, {"_type": "tag", "name": "current_date", "path": "/home/kavia/workspace/code-generation/stock-insights-dashboard-239614-239623/stock_insight_analyzer_frontend/src/services/stockCheck.js", "pattern": "/^    current_date: currentDate,$/", "language": "JavaScript", "kind": "property", "scope": "runStockCheck.output", "scopeKind": "class"}, {"_type": "tag", "name": "isFiniteNumber", "path": "/home/kavia/workspace/code-generation/stock-insights-dashboard-239614-239623/stock_insight_analyzer_frontend/src/services/stockCheck.js", "pattern": "/^function isFiniteNumber(v) {$/", "language": "JavaScript", "kind": "function", "signature": "(v)"}, {"_type": "tag", "name": "makeMockUniverse", "path": "/home/kavia/workspace/code-generation/stock-insights-dashboard-239614-239623/stock_insight_analyzer_frontend/src/services/stockCheck.js", "pattern": "/^export function makeMockUniverse(size = 250) {$/", "language": "JavaScript", "kind": "function", "signature": "(size = 250)"}, {"_type": "tag", "name": "model_version", "path": "/home/kavia/workspace/code-generation/stock-insights-dashboard-239614-239623/stock_insight_analyzer_frontend/src/services/stockCheck.js", "pattern": "/^    model_version: MODEL_VERSION,$/", "language": "JavaScript", "kind": "property", "scope": "runStockCheck.output", "scopeKind": "class"}, {"_type": "tag", "name": "output", "path": "/home/kavia/workspace/code-generation/stock-insights-dashboard-239614-239623/stock_insight_analyzer_frontend/src/services/stockCheck.js", "pattern": "/^  const output = {$/", "language": "JavaScript", "kind": "class", "scope": "runStockCheck", "scopeKind": "class"}, {"_type": "tag", "name": "prediction_date", "path": "/home/kavia/workspace/code-generation/stock-insights-dashboard-239614-239623/stock_insight_analyzer_frontend/src/services/stockCheck.js", "pattern": "/^    prediction_date: predictionDate,$/", "language": "JavaScript", "kind": "property", "scope": "runStockCheck.output", "scopeKind": "class"}, {"_type": "tag", "name": "results", "path": "/home/kavia/workspace/code-generation/stock-insights-dashboard-239614-239623/stock_insight_analyzer_frontend/src/services/stockCheck.js", "pattern": "/^    results,$/", "language": "JavaScript", "kind": "field", "scope": "runStockCheck.output", "scopeKind": "class"}, {"_type": "tag", "name": "runStockCheck", "path": "/home/kavia/workspace/code-generation/stock-insights-dashboard-239614-239623/stock_insight_analyzer_frontend/src/services/stockCheck.js", "pattern": "/^export function runStockCheck({$/", "language": "JavaScript", "kind": "function", "signature": "({ currentDate, predictionDate, universe, eodPrices, macroOverrideNoTrade = false, })"}, {"_type": "tag", "name": "sector_warning", "path": "/home/kavia/workspace/code-generation/stock-insights-dashboard-239614-239623/stock_insight_analyzer_frontend/src/services/stockCheck.js", "pattern": "/^    sector_warning: headerCalc.sector_warning,$/", "language": "JavaScript", "kind": "property", "scope": "runStockCheck.output", "scopeKind": "class"}, {"_type": "tag", "name": "stableSortByPredictedGrowthDesc", "path": "/home/kavia/workspace/code-generation/stock-insights-dashboard-239614-239623/stock_insight_analyzer_frontend/src/services/stockCheck.js", "pattern": "/^function stableSortByPredictedGrowthDesc(items) {$/", "language": "JavaScript", "kind": "function", "signature": "(items)"}, {"_type": "tag", "name": "toPct", "path": "/home/kavia/workspace/code-generation/stock-insights-dashboard-239614-239623/stock_insight_analyzer_frontend/src/services/stockCheck.js", "pattern": "/^function toPct(n) {$/", "language": "JavaScript", "kind": "function", "signature": "(n)"}, {"_type": "tag", "name": "trade_header", "path": "/home/kavia/workspace/code-generation/stock-insights-dashboard-239614-239623/stock_insight_analyzer_frontend/src/services/stockCheck.js", "pattern": "/^    trade_header: macroOverrideNoTrade ? \"NO TRADE\" : headerCalc.trade_header,$/", "language": "JavaScript", "kind": "property", "scope": "runStockCheck.output", "scopeKind": "class"}, {"_type": "tag", "name": "validateOutputSchema", "path": "/home/kavia/workspace/code-generation/stock-insights-dashboard-239614-239623/stock_insight_analyzer_frontend/src/services/stockCheck.js", "pattern": "/^function validateOutputSchema(out) {$/", "language": "JavaScript", "kind": "function", "signature": "(out)"}], "format": "JavaScript", "hash": "5718bf358f804e20a65c55088054397e", "format-version": 4, "code-base-name": "stock_insight_analyzer_frontend", "filename": "stock_insight_analyzer_frontend/src/services/stockCheck.js", "knowledge_revision": 71}