{"is_source_file": true, "format": "JavaScript (React JSX)", "description": "This file defines a React functional component named 'Sidebar' that renders a collapsible sidebar with navigation links, filters, and an informational tip. It includes styling for active links and handles filter state updates.", "external_files": ["../ui/Card", "../ui/Input", "../ui/Button", "../ui/Badge", "react", "react-router-dom"], "external_methods": ["NavLink", "React", "useState"], "published": ["Sidebar"], "classes": [], "methods": [{"name": "Sidebar({ collapsed, filters, onChangeFilters, counts })", "description": "React functional component that renders a sidebar with navigation and filter controls.", "scope": "", "scopeKind": ""}], "calls": ["React", "NavLink to", "Badge", "Input", "Button"], "search-terms": ["Sidebar component", "react-router NavLink", "filter controls", "collapsible sidebar", "dashboard navigation", "filter filters", "UI Badge", "React functional component"], "state": 2, "file_id": 25, "knowledge_revision": 73, "git_revision": "af8ae6fe2e666f874f92fba62317ae96e026be42", "revision_history": [{"63": "af8ae6fe2e666f874f92fba62317ae96e026be42"}, {"73": "af8ae6fe2e666f874f92fba62317ae96e026be42"}], "ctags": [{"_type": "tag", "name": "Sidebar", "path": "/home/kavia/workspace/code-generation/stock-insights-dashboard-239614-239623/stock_insight_analyzer_frontend/src/components/layout/Sidebar.js", "pattern": "/^export function Sidebar({ collapsed, filters, onChangeFilters, counts }) {$/", "language": "JavaScript", "kind": "function", "signature": "({ collapsed, filters, onChangeFilters, counts })"}, {"_type": "tag", "name": "isActive", "path": "/home/kavia/workspace/code-generation/stock-insights-dashboard-239614-239623/stock_insight_analyzer_frontend/src/components/layout/Sidebar.js", "pattern": "/^const linkStyle = ({ isActive }) => ({$/", "language": "JavaScript", "kind": "field", "scope": "linkStyle", "scopeKind": "class"}, {"_type": "tag", "name": "linkStyle", "path": "/home/kavia/workspace/code-generation/stock-insights-dashboard-239614-239623/stock_insight_analyzer_frontend/src/components/layout/Sidebar.js", "pattern": "/^const linkStyle = ({ isActive }) => ({$/", "language": "JavaScript", "kind": "constant"}, {"_type": "tag", "name": "sidebar ${collapsed ? \"sidebarCollapsed\" : \"\"}", "path": "/home/kavia/workspace/code-generation/stock-insights-dashboard-239614-239623/stock_insight_analyzer_frontend/src/components/layout/Sidebar.js", "pattern": "/^    <aside className={`sidebar ${collapsed ? \"sidebarCollapsed\" : \"\"}`.trim()}>$/", "language": "JavaScript", "kind": "field", "scope": "Sidebar.AnonymousClass44d9495c0101", "scopeKind": "class"}], "hash": "30ac98bb1728b3c90bdc35d864a2fa06", "format-version": 4, "code-base-name": "stock_insight_analyzer_frontend", "filename": "stock_insight_analyzer_frontend/src/components/layout/Sidebar.js", "fields": [{"name": "const linkStyle = ({ isActive }) => ({", "scope": "linkStyle", "scopeKind": "class", "description": "unavailable"}, {"name": "<aside className={`sidebar ${collapsed ? \"sidebarCollapsed\" : \"\"}`.trim()}>", "scope": "Sidebar.AnonymousClass44d9495c0101", "scopeKind": "class", "description": "unavailable"}]}