{"is_source_file": true, "format": "JavaScript (React JSX)", "description": "This is a React component representing the 'DashboardPage' in a stock insights dashboard application. It fetches dashboard data via API, displays summaries, charts, and a list of top movers with filtering and linking functionalities.", "external_files": ["../services/apiClient", "../components/SummaryCard", "../components/ui/Card", "../components/ui/Table", "../components/ui/Badge", "../components/charts/MiniChart", "react-router-dom"], "external_methods": ["getDashboard", "useOutletContext", "Link"], "published": ["DashboardPage"], "classes": [], "methods": [{"name": "formatTs(iso)", "description": "Formats an ISO date string into a locale date string, with error handling.", "scope": "", "scopeKind": ""}, {"name": "matchesQuery(row, q)", "description": "Checks if a stock symbol and signal string includes the search query (case-insensitive).", "scope": "", "scopeKind": ""}, {"name": "DashboardPage()", "scope": "", "scopeKind": "", "description": "unavailable"}], "calls": ["useOutletContext", "getDashboard", "useState", "useEffect", "useMemo", "formatTs", "matchesQuery", "setData", "mounted && setData", "setData", "data?.movers", "matchesQuery", "Number", "Number.isFinite", "Math.abs"], "search-terms": ["DashboardPage", "React component", "stock insights", "top movers", "portfolio trend", "market pulse"], "state": 2, "file_id": 27, "knowledge_revision": 65, "git_revision": "af8ae6fe2e666f874f92fba62317ae96e026be42", "ctags": [{"_type": "tag", "name": "DashboardPage", "path": "/home/kavia/workspace/code-generation/stock-insights-dashboard-239614-239623/stock_insight_analyzer_frontend/src/pages/DashboardPage.js", "pattern": "/^export default function DashboardPage() {$/", "language": "JavaScript", "kind": "function", "signature": "()"}, {"_type": "tag", "name": "formatTs", "path": "/home/kavia/workspace/code-generation/stock-insights-dashboard-239614-239623/stock_insight_analyzer_frontend/src/pages/DashboardPage.js", "pattern": "/^function formatTs(iso) {$/", "language": "JavaScript", "kind": "function", "signature": "(iso)"}, {"_type": "tag", "name": "matchesQuery", "path": "/home/kavia/workspace/code-generation/stock-insights-dashboard-239614-239623/stock_insight_analyzer_frontend/src/pages/DashboardPage.js", "pattern": "/^function matchesQuery(row, q) {$/", "language": "JavaScript", "kind": "function", "signature": "(row, q)"}, {"_type": "tag", "name": "movers", "path": "/home/kavia/workspace/code-generation/stock-insights-dashboard-239614-239623/stock_insight_analyzer_frontend/src/pages/DashboardPage.js", "pattern": "/^              rows={movers}$/", "language": "JavaScript", "kind": "field", "scope": "actions.rows", "scopeKind": "class"}], "hash": "d01861a0a73b18b7d67c048d06db6191", "format-version": 4, "code-base-name": "stock_insight_analyzer_frontend", "filename": "stock_insight_analyzer_frontend/src/pages/DashboardPage.js", "fields": [{"name": "rows={movers}", "scope": "actions.rows", "scopeKind": "class", "description": "unavailable"}], "revision_history": [{"65": "af8ae6fe2e666f874f92fba62317ae96e026be42"}]}