{"is_source_file": true, "format": "JavaScript", "description": "React component for the news page of a stock insights dashboard, displaying curated headlines with filtering and linking features.", "external_files": ["../services/apiClient", "../components/ui/Card", "../components/ui/Badge"], "external_methods": ["getNews"], "published": [], "classes": [], "methods": [{"name": "timeAgo(ts)", "description": "Formats a timestamp into a relative 'time ago' string.", "scope": "", "scopeKind": ""}, {"name": "NewsPage()", "description": "Main React functional component rendering the news feed with filtering.", "scope": "", "scopeKind": ""}], "calls": ["React.useEffect", "React.useMemo", "React.useState", "useOutletContext", "getNews", "setItems", "map", "filter", "includes", "encodeURIComponent"], "search-terms": ["NewsPage", "React", "useOutletContext", "getNews", "timeAgo", "news", "filter", "stock symbols", "curated headlines"], "state": 2, "file_id": 30, "knowledge_revision": 68, "git_revision": "af8ae6fe2e666f874f92fba62317ae96e026be42", "ctags": [{"_type": "tag", "name": "NewsPage", "path": "/home/kavia/workspace/code-generation/stock-insights-dashboard-239614-239623/stock_insight_analyzer_frontend/src/pages/NewsPage.js", "pattern": "/^export default function NewsPage() {$/", "language": "JavaScript", "kind": "function", "signature": "()"}, {"_type": "tag", "name": "timeAgo", "path": "/home/kavia/workspace/code-generation/stock-insights-dashboard-239614-239623/stock_insight_analyzer_frontend/src/pages/NewsPage.js", "pattern": "/^function timeAgo(ts) {$/", "language": "JavaScript", "kind": "function", "signature": "(ts)"}], "hash": "3480e760ee8563e9588d11694add43f5", "format-version": 4, "code-base-name": "stock_insight_analyzer_frontend", "filename": "stock_insight_analyzer_frontend/src/pages/NewsPage.js", "revision_history": [{"68": "af8ae6fe2e666f874f92fba62317ae96e026be42"}]}