{"is_source_file": true, "format": "JavaScript (React JSX)", "description": "React component named AppLayout that defines the main layout for the stock insights dashboard, including top navigation, sidebar, main content area, and footer.", "external_files": ["./TopNav", "./Sidebar", "react", "react-router-dom"], "external_methods": ["useMemo", "useState", "useNavigate"], "published": ["AppLayout"], "classes": [], "methods": [{"name": "AppLayout({ counts })", "description": "Functional React component setting up the application layout with top nav, sidebar, main outlet, and footer.", "scope": "", "scopeKind": ""}], "calls": ["useState", "useNavigate", "useMemo", "navigate", "new Date", "encodeURIComponent", "console.log"], "search-terms": ["AppLayout", "react-router-dom", "TopNav", "Sidebar", "layout", "dashboard", "sidebarCollapsed", "useNavigate", "Outlet"], "state": 2, "file_id": 26, "knowledge_revision": 64, "git_revision": "af8ae6fe2e666f874f92fba62317ae96e026be42", "ctags": [{"_type": "tag", "name": "AppLayout", "path": "/home/kavia/workspace/code-generation/stock-insights-dashboard-239614-239623/stock_insight_analyzer_frontend/src/components/layout/AppLayout.js", "pattern": "/^export function AppLayout({ counts }) {$/", "language": "JavaScript", "kind": "function", "signature": "({ counts })"}, {"_type": "tag", "name": "counts", "path": "/home/kavia/workspace/code-generation/stock-insights-dashboard-239614-239623/stock_insight_analyzer_frontend/src/components/layout/AppLayout.js", "pattern": "/^          counts={counts}$/", "language": "JavaScript", "kind": "field", "scope": "AppLayout.counts", "scopeKind": "class"}, {"_type": "tag", "name": "filters", "path": "/home/kavia/workspace/code-generation/stock-insights-dashboard-239614-239623/stock_insight_analyzer_frontend/src/components/layout/AppLayout.js", "pattern": "/^          filters={filters}$/", "language": "JavaScript", "kind": "field", "scope": "AppLayout.filters", "scopeKind": "class"}, {"_type": "tag", "name": "setFilters", "path": "/home/kavia/workspace/code-generation/stock-insights-dashboard-239614-239623/stock_insight_analyzer_frontend/src/components/layout/AppLayout.js", "pattern": "/^          onChangeFilters={setFilters}$/", "language": "JavaScript", "kind": "field", "scope": "AppLayout.onChangeFilters", "scopeKind": "class"}, {"_type": "tag", "name": "sidebarCollapsed", "path": "/home/kavia/workspace/code-generation/stock-insights-dashboard-239614-239623/stock_insight_analyzer_frontend/src/components/layout/AppLayout.js", "pattern": "/^          collapsed={sidebarCollapsed}$/", "language": "JavaScript", "kind": "field", "scope": "AppLayout.collapsed", "scopeKind": "class"}], "hash": "a3e7c3de09cc0f3ad0da67065e884492", "format-version": 4, "code-base-name": "stock_insight_analyzer_frontend", "filename": "stock_insight_analyzer_frontend/src/components/layout/AppLayout.js", "fields": [{"name": "counts={counts}", "scope": "AppLayout.counts", "scopeKind": "class", "description": "unavailable"}, {"name": "filters={filters}", "scope": "AppLayout.filters", "scopeKind": "class", "description": "unavailable"}, {"name": "onChangeFilters={setFilters}", "scope": "AppLayout.onChangeFilters", "scopeKind": "class", "description": "unavailable"}, {"name": "collapsed={sidebarCollapsed}", "scope": "AppLayout.collapsed", "scopeKind": "class", "description": "unavailable"}], "revision_history": [{"64": "af8ae6fe2e666f874f92fba62317ae96e026be42"}]}