{"is_source_file": true, "format": "JavaScript (React component)", "description": "A React functional component that renders a simple HTML table based on provided columns and rows data.", "external_files": [], "external_methods": [], "published": ["Table"], "classes": [], "methods": [{"name": "Table({ columns, rows, rowKey })", "description": "React functional component that renders a table with specified columns and rows.", "scope": "", "scopeKind": ""}], "calls": ["React", "columns.map", "rows.map", "rowKey ? rowKey(r) : idx", "columns.map", "c.render ? c.render(r) : r[c.key]"], "search-terms": ["Table", "React", "JSX", "table component", "columns", "rows"], "state": 2, "file_id": 21, "knowledge_revision": 59, "git_revision": "af8ae6fe2e666f874f92fba62317ae96e026be42", "ctags": [{"_type": "tag", "name": "Table", "path": "/home/kavia/workspace/code-generation/stock-insights-dashboard-239614-239623/stock_insight_analyzer_frontend/src/components/ui/Table.js", "pattern": "/^export function Table({ columns, rows, rowKey }) {$/", "language": "JavaScript", "kind": "function", "signature": "({ columns, rows, rowKey })"}], "hash": "287febc28a3bd7941cb8f5ce99da2d43", "format-version": 4, "code-base-name": "stock_insight_analyzer_frontend", "filename": "stock_insight_analyzer_frontend/src/components/ui/Table.js", "revision_history": [{"59": "af8ae6fe2e666f874f92fba62317ae96e026be42"}]}