{"is_source_file": false, "format": "", "description": "", "external_files": [], "external_methods": [], "published": [], "classes": [], "methods": [], "calls": [], "search-terms": ["CSS", "Theme Management", ":root", ".App", ".theme-toggle"], "state": 2, "file_id": 8, "knowledge_revision": 15, "git_revision": "75451440dfdc9e521d6a4726dfbc2284924ed1fd", "hash": "22f9e17cc1848b56dbb244518ac2707e", "format-version": 4, "code-base-name": "stock_insight_analyzer_frontend", "filename": "stock_insight_analyzer_frontend/src/App.css", "revision_history": [{"15": "75451440dfdc9e521d6a4726dfbc2284924ed1fd"}]}