{"is_source_file": true, "format": "JavaScript (React JSX)", "description": "This file defines the main frontend application component for a stock insights dashboard. It sets up routing for various pages, manages global state such as counts for watchlist and news, and integrates with external API services for data fetching.", "external_files": ["./components/layout/AppLayout", "./pages/DashboardPage", "./pages/DetailsPage", "./pages/WatchlistPage", "./pages/NewsPage", "./pages/SettingsPage", "./pages/NotFoundPage", "./services/apiClient", "./App.css"], "external_methods": ["getWatchlist", "getNews"], "published": ["default"], "classes": [], "methods": [{"name": "App()", "description": "Main application component that sets up routing and layout, manages global state, and fetches initial data.", "scope": "", "scopeKind": ""}], "calls": ["useEffect", "Promise.all", "getWatchlist", "getNews", "setCounts", "useMemo", "BrowserRouter", "Routes", "Route", "AppLayout", "DashboardPage", "DetailsPage", "WatchlistPage", "NewsPage", "SettingsPage", "NotFoundPage"], "search-terms": ["React", "routing", "useEffect", "useState", "useMemo", "dashboard", "watchlist", "news", "data fetching", "AppLayout", "react-router-dom"], "state": 2, "file_id": 5, "knowledge_revision": 49, "git_revision": "af8ae6fe2e666f874f92fba62317ae96e026be42", "revision_history": [{"25": "75451440dfdc9e521d6a4726dfbc2284924ed1fd"}, {"49": "af8ae6fe2e666f874f92fba62317ae96e026be42"}], "ctags": [{"_type": "tag", "name": "App", "path": "/home/kavia/workspace/code-generation/stock-insights-dashboard-239614-239623/stock_insight_analyzer_frontend/src/App.js", "pattern": "/^export default function App() {$/", "language": "JavaScript", "kind": "function", "signature": "()"}], "hash": "f0d0c356df66c8650b69faf5aad92067", "format-version": 4, "code-base-name": "stock_insight_analyzer_frontend", "filename": "stock_insight_analyzer_frontend/src/App.js"}