{"is_source_file": true, "format": "JavaScript", "description": "This file defines a JavaScript module for performing stock analysis and predictions, including ranking stocks based on predicted 1-day growth, computing trade signals, and providing utility functions for mock data generation. It exports the main function runStockCheck() which executes the stock check logic with strict input validation according to a locked design.", "external_files": ["./stockCheckModel43"], "external_methods": ["computePredicted1DayGrowthPctFromFactors"], "published": ["runStockCheck", "makeMockUniverse"], "classes": [], "methods": [{"name": "runStockCheck({ currentDate, predictionDate, universe, eodPrices, macroOverrideNoTrade = false, })", "description": "Main function executing the stock check process, ranking stocks, generating predictions, and evaluating trade signals based on input universe and prices.", "scope": "", "scopeKind": ""}, {"name": "makeMockUniverse(size = 250)", "description": "Utility for creating a deterministic, minimal mock universe for testing or demo purposes.", "scope": "", "scopeKind": ""}, {"name": "canonicalDisplaySort(rows)", "scope": "", "scopeKind": "", "description": "unavailable"}, {"name": "computeTradeHeader(top10)", "scope": "", "scopeKind": "", "description": "unavailable"}, {"name": "ensurePredictedGrowthPct(u)", "scope": "", "scopeKind": "", "description": "unavailable"}, {"name": "isFiniteNumber(v)", "scope": "", "scopeKind": "", "description": "unavailable"}, {"name": "stableSortByPredictedGrowthDesc(items)", "scope": "", "scopeKind": "", "description": "unavailable"}, {"name": "toPct(n)", "scope": "", "scopeKind": "", "description": "unavailable"}, {"name": "validateOutputSchema(out)", "scope": "", "scopeKind": "", "description": "unavailable"}], "calls": ["computePredicted1DayGrowthPctFromFactors"], "search-terms": ["stockCheckModel43", "predict_1day_growth_pct", "top10", "trade_header", "INTC", "locked-spec", "canonical_columns", "eodPrices", "stock ranking", "model version"], "state": 2, "file_id": 33, "knowledge_revision": 81, "git_revision": "bc71c709ebb929c7e6e452b1a64f1ac9d14b3e41", "revision_history": [{"76": "bc71c709ebb929c7e6e452b1a64f1ac9d14b3e41"}, {"81": "bc71c709ebb929c7e6e452b1a64f1ac9d14b3e41"}], "ctags": [{"_type": "tag", "name": "CANONICAL_COLUMNS", "path": "/home/kavia/workspace/code-generation/stock-insights-dashboard-239614-239623/stock_insight_analyzer_frontend/src/services/stockCheck.js", "pattern": "/^export const CANONICAL_COLUMNS = [$/", "language": "JavaScript", "kind": "constant"}, {"_type": "tag", "name": "INTC_TICKER", "path": "/home/kavia/workspace/code-generation/stock-insights-dashboard-239614-239623/stock_insight_analyzer_frontend/src/services/stockCheck.js", "pattern": "/^const INTC_TICKER = \"INTC\";$/", "language": "JavaScript", "kind": "constant"}, {"_type": "tag", "name": "MODEL_VERSION", "path": "/home/kavia/workspace/code-generation/stock-insights-dashboard-239614-239623/stock_insight_analyzer_frontend/src/services/stockCheck.js", "pattern": "/^const MODEL_VERSION = \"Stock Check v1.0\";$/", "language": "JavaScript", "kind": "constant"}, {"_type": "tag", "name": "REQUIRED_MIN_UNIVERSE", "path": "/home/kavia/workspace/code-generation/stock-insights-dashboard-239614-239623/stock_insight_analyzer_frontend/src/services/stockCheck.js", "pattern": "/^const REQUIRED_MIN_UNIVERSE = 100; \\/\\/ spec requires \"full tradable ticker universe\" (guardrail/", "language": "JavaScript", "kind": "constant"}, {"_type": "tag", "name": "canonicalDisplaySort", "path": "/home/kavia/workspace/code-generation/stock-insights-dashboard-239614-239623/stock_insight_analyzer_frontend/src/services/stockCheck.js", "pattern": "/^function canonicalDisplaySort(rows) {$/", "language": "JavaScript", "kind": "function", "signature": "(rows)"}, {"_type": "tag", "name": "computeTradeHeader", "path": "/home/kavia/workspace/code-generation/stock-insights-dashboard-239614-239623/stock_insight_analyzer_frontend/src/services/stockCheck.js", "pattern": "/^function computeTradeHeader(top10) {$/", "language": "JavaScript", "kind": "function", "signature": "(top10)"}, {"_type": "tag", "name": "current_date", "path": "/home/kavia/workspace/code-generation/stock-insights-dashboard-239614-239623/stock_insight_analyzer_frontend/src/services/stockCheck.js", "pattern": "/^    current_date: currentDate,$/", "language": "JavaScript", "kind": "property", "scope": "runStockCheck.output", "scopeKind": "class"}, {"_type": "tag", "name": "ensurePredictedGrowthPct", "path": "/home/kavia/workspace/code-generation/stock-insights-dashboard-239614-239623/stock_insight_analyzer_frontend/src/services/stockCheck.js", "pattern": "/^function ensurePredictedGrowthPct(u) {$/", "language": "JavaScript", "kind": "function", "signature": "(u)"}, {"_type": "tag", "name": "isFiniteNumber", "path": "/home/kavia/workspace/code-generation/stock-insights-dashboard-239614-239623/stock_insight_analyzer_frontend/src/services/stockCheck.js", "pattern": "/^function isFiniteNumber(v) {$/", "language": "JavaScript", "kind": "function", "signature": "(v)"}, {"_type": "tag", "name": "makeMockUniverse", "path": "/home/kavia/workspace/code-generation/stock-insights-dashboard-239614-239623/stock_insight_analyzer_frontend/src/services/stockCheck.js", "pattern": "/^export function makeMockUniverse(size = 250) {$/", "language": "JavaScript", "kind": "function", "signature": "(size = 250)"}, {"_type": "tag", "name": "model_version", "path": "/home/kavia/workspace/code-generation/stock-insights-dashboard-239614-239623/stock_insight_analyzer_frontend/src/services/stockCheck.js", "pattern": "/^    model_version: MODEL_VERSION,$/", "language": "JavaScript", "kind": "property", "scope": "runStockCheck.output", "scopeKind": "class"}, {"_type": "tag", "name": "output", "path": "/home/kavia/workspace/code-generation/stock-insights-dashboard-239614-239623/stock_insight_analyzer_frontend/src/services/stockCheck.js", "pattern": "/^  const output = {$/", "language": "JavaScript", "kind": "class", "scope": "runStockCheck", "scopeKind": "class"}, {"_type": "tag", "name": "prediction_date", "path": "/home/kavia/workspace/code-generation/stock-insights-dashboard-239614-239623/stock_insight_analyzer_frontend/src/services/stockCheck.js", "pattern": "/^    prediction_date: predictionDate,$/", "language": "JavaScript", "kind": "property", "scope": "runStockCheck.output", "scopeKind": "class"}, {"_type": "tag", "name": "results", "path": "/home/kavia/workspace/code-generation/stock-insights-dashboard-239614-239623/stock_insight_analyzer_frontend/src/services/stockCheck.js", "pattern": "/^    results,$/", "language": "JavaScript", "kind": "field", "scope": "runStockCheck.output", "scopeKind": "class"}, {"_type": "tag", "name": "runStockCheck", "path": "/home/kavia/workspace/code-generation/stock-insights-dashboard-239614-239623/stock_insight_analyzer_frontend/src/services/stockCheck.js", "pattern": "/^export function runStockCheck({$/", "language": "JavaScript", "kind": "function", "signature": "({ currentDate, predictionDate, universe, eodPrices, macroOverrideNoTrade = false, })"}, {"_type": "tag", "name": "sector_warning", "path": "/home/kavia/workspace/code-generation/stock-insights-dashboard-239614-239623/stock_insight_analyzer_frontend/src/services/stockCheck.js", "pattern": "/^    sector_warning: headerCalc.sector_warning,$/", "language": "JavaScript", "kind": "property", "scope": "runStockCheck.output", "scopeKind": "class"}, {"_type": "tag", "name": "stableSortByPredictedGrowthDesc", "path": "/home/kavia/workspace/code-generation/stock-insights-dashboard-239614-239623/stock_insight_analyzer_frontend/src/services/stockCheck.js", "pattern": "/^function stableSortByPredictedGrowthDesc(items) {$/", "language": "JavaScript", "kind": "function", "signature": "(items)"}, {"_type": "tag", "name": "toPct", "path": "/home/kavia/workspace/code-generation/stock-insights-dashboard-239614-239623/stock_insight_analyzer_frontend/src/services/stockCheck.js", "pattern": "/^function toPct(n) {$/", "language": "JavaScript", "kind": "function", "signature": "(n)"}, {"_type": "tag", "name": "trade_header", "path": "/home/kavia/workspace/code-generation/stock-insights-dashboard-239614-239623/stock_insight_analyzer_frontend/src/services/stockCheck.js", "pattern": "/^    trade_header: macroOverrideNoTrade ? \"NO TRADE\" : headerCalc.trade_header,$/", "language": "JavaScript", "kind": "property", "scope": "runStockCheck.output", "scopeKind": "class"}, {"_type": "tag", "name": "validateOutputSchema", "path": "/home/kavia/workspace/code-generation/stock-insights-dashboard-239614-239623/stock_insight_analyzer_frontend/src/services/stockCheck.js", "pattern": "/^function validateOutputSchema(out) {$/", "language": "JavaScript", "kind": "function", "signature": "(out)"}], "hash": "6de1d0b7884a6e3d60bf1a74b262a961", "format-version": 4, "code-base-name": "stock_insight_analyzer_frontend", "filename": "stock_insight_analyzer_frontend/src/services/stockCheck.js", "fields": [{"name": "current_date: currentDate,", "scope": "runStockCheck.output", "scopeKind": "class", "description": "unavailable"}, {"name": "model_version: MODEL_VERSION,", "scope": "runStockCheck.output", "scopeKind": "class", "description": "unavailable"}, {"name": "prediction_date: predictionDate,", "scope": "runStockCheck.output", "scopeKind": "class", "description": "unavailable"}, {"name": "results,", "scope": "runStockCheck.output", "scopeKind": "class", "description": "unavailable"}, {"name": "sector_warning: headerCalc.sector_warning,", "scope": "runStockCheck.output", "scopeKind": "class", "description": "unavailable"}, {"name": "trade_header: macroOverrideNoTrade ? \"NO TRADE\" : headerCalc.trade_header,", "scope": "runStockCheck.output", "scopeKind": "class", "description": "unavailable"}]}