{"is_source_file": true, "format": "JavaScript", "description": "React component for the Stock Check page, including UI for input parameters, ticker preparation, and displaying results such as output table and JSON output. It interacts with imported services and UI components to present stock analysis data.", "external_files": ["../components/ui/Card", "../components/ui/Badge", "../components/ui/Button", "../components/ui/Input", "../components/ui/Table", "../services/stockCheck"], "external_methods": ["runStockCheck", "makeMockUniverse"], "published": ["StockCheckPage"], "classes": [], "methods": [{"name": "todayISO()", "description": "Generates current date in ISO format (YYYY-MM-DD).", "scope": "", "scopeKind": ""}, {"name": "nextDayISO(iso)", "description": "Computes the next day's date in ISO format based on a provided ISO date string.", "scope": "", "scopeKind": ""}, {"name": "fmtMoney(v)", "description": "Formats a number as currency with two decimal places or returns placeholder if invalid.", "scope": "", "scopeKind": ""}, {"name": "fmtPct(v)", "description": "Formats a number as a percentage string with two decimal places, adds plus sign for positive values.", "scope": "", "scopeKind": ""}, {"name": "StockCheckPage()", "scope": "", "scopeKind": "", "description": "unavailable"}], "calls": ["runStockCheck", "makeMockUniverse"], "search-terms": ["StockCheckPage", "runStockCheck", "makeMockUniverse", "Stock Check", "Canonical Output Table", "strict JSON output", "EOD Prices input", "prepare tickers", "React useMemo and useState"], "state": 2, "file_id": 34, "knowledge_revision": 78, "git_revision": "bc71c709ebb929c7e6e452b1a64f1ac9d14b3e41", "ctags": [{"_type": "tag", "name": "StockCheckPage", "path": "/home/kavia/workspace/code-generation/stock-insights-dashboard-239614-239623/stock_insight_analyzer_frontend/src/pages/StockCheckPage.js", "pattern": "/^export default function StockCheckPage() {$/", "language": "JavaScript", "kind": "function", "signature": "()"}, {"_type": "tag", "name": "fmtMoney", "path": "/home/kavia/workspace/code-generation/stock-insights-dashboard-239614-239623/stock_insight_analyzer_frontend/src/pages/StockCheckPage.js", "pattern": "/^function fmtMoney(v) {$/", "language": "JavaScript", "kind": "function", "signature": "(v)"}, {"_type": "tag", "name": "fmtPct", "path": "/home/kavia/workspace/code-generation/stock-insights-dashboard-239614-239623/stock_insight_analyzer_frontend/src/pages/StockCheckPage.js", "pattern": "/^function fmtPct(v) {$/", "language": "JavaScript", "kind": "function", "signature": "(v)"}, {"_type": "tag", "name": "macroOverrideNoTrade", "path": "/home/kavia/workspace/code-generation/stock-insights-dashboard-239614-239623/stock_insight_analyzer_frontend/src/pages/StockCheckPage.js", "pattern": "/^                  checked={macroOverrideNoTrade}$/", "language": "JavaScript", "kind": "field", "scope": "StockCheckPage.checked", "scopeKind": "class"}, {"_type": "tag", "name": "nextDayISO", "path": "/home/kavia/workspace/code-generation/stock-insights-dashboard-239614-239623/stock_insight_analyzer_frontend/src/pages/StockCheckPage.js", "pattern": "/^function nextDayISO(iso) {$/", "language": "JavaScript", "kind": "function", "signature": "(iso)"}, {"_type": "tag", "name": "todayISO", "path": "/home/kavia/workspace/code-generation/stock-insights-dashboard-239614-239623/stock_insight_analyzer_frontend/src/pages/StockCheckPage.js", "pattern": "/^function todayISO() {$/", "language": "JavaScript", "kind": "function", "signature": "()"}], "hash": "7879a614900da6a787b1110c02fd865f", "format-version": 4, "code-base-name": "stock_insight_analyzer_frontend", "filename": "stock_insight_analyzer_frontend/src/pages/StockCheckPage.js", "fields": [{"name": "checked={macroOverrideNoTrade}", "scope": "StockCheckPage.checked", "scopeKind": "class", "description": "unavailable"}], "revision_history": [{"78": "bc71c709ebb929c7e6e452b1a64f1ac9d14b3e41"}]}