{"is_source_file": true, "format": "JavaScript (React JSX)", "description": "This file defines a React component for the Watchlist page of a stock insights dashboard. It fetches a watchlist from an API, displays the list in a table, and includes UI elements for navigation and filtering.", "external_files": ["../services/apiClient", "../components/ui/Card", "../components/ui/Table", "../components/ui/Badge"], "external_methods": ["getWatchlist"], "published": [], "classes": [], "methods": [{"name": "WatchlistPage()", "description": "React functional component displaying the user's watchlist with filtering and navigation.", "scope": "", "scopeKind": ""}], "calls": ["useOutletContext", "useEffect", "useMemo", "useState", "getWatchlist", "setRows"], "search-terms": ["WatchlistPage", "useEffect", "useMemo", "getWatchlist", "React", "Table", "Card", "Badge", "watchlist"], "state": 2, "file_id": 29, "knowledge_revision": 67, "git_revision": "af8ae6fe2e666f874f92fba62317ae96e026be42", "ctags": [{"_type": "tag", "name": "WatchlistPage", "path": "/home/kavia/workspace/code-generation/stock-insights-dashboard-239614-239623/stock_insight_analyzer_frontend/src/pages/WatchlistPage.js", "pattern": "/^export default function WatchlistPage() {$/", "language": "JavaScript", "kind": "function", "signature": "()"}, {"_type": "tag", "name": "[ { key: \"symbol\", header: \"Symbol\", render: (r) => ( <Link to={`/stocks/${encodeURIComponent(r.symbol)}`} className=\"mono\" style={{ color: \"var(--color-primary)\" }}> {r.symbol} </ ), }, { key: \"name\", header: \"Name\" }, { key: \"price\", header: \"Price\", render: (r) => <span className=\"mono\">{r.price.toFixed(2)}</ { key: \"changePct\", header: \"Change\", render: (r) => ( <Badge tone={r.changePct >= 0 ? \"blue\" : \"amber\"}> <span className=\"mono\">{r.changePct >= 0 ? \"+\" : \"\"}{r.changePct.toFixed(2)}%</ </ ), }, { key: \"rating\", header: \"Rating\" }, ]", "path": "/home/kavia/workspace/code-generation/stock-insights-dashboard-239614-239623/stock_insight_analyzer_frontend/src/pages/WatchlistPage.js", "pattern": "/^            {$/", "language": "JavaScript", "kind": "field", "scope": "WatchlistPage.columns", "scopeKind": "class"}, {"_type": "tag", "name": "filtered", "path": "/home/kavia/workspace/code-generation/stock-insights-dashboard-239614-239623/stock_insight_analyzer_frontend/src/pages/WatchlistPage.js", "pattern": "/^          rows={filtered}$/", "language": "JavaScript", "kind": "field", "scope": "WatchlistPage.rows", "scopeKind": "class"}], "hash": "9e9ea877f514debe5b70577b99a90d4f", "format-version": 4, "code-base-name": "stock_insight_analyzer_frontend", "filename": "stock_insight_analyzer_frontend/src/pages/WatchlistPage.js", "fields": [{"name": "{", "scope": "WatchlistPage.columns", "scopeKind": "class", "description": "unavailable"}, {"name": "rows={filtered}", "scope": "WatchlistPage.rows", "scopeKind": "class", "description": "unavailable"}], "revision_history": [{"67": "af8ae6fe2e666f874f92fba62317ae96e026be42"}]}