{"is_source_file": true, "format": "JavaScript", "description": "This file defines a React component for a Stock Check page used for front-end interaction. It handles user input for stock tickers, dates, prices, and displays results and JSON output. The component interactions involve rendering a table, input fields, buttons, and managing state for the stock analysis process.", "external_files": ["../components/ui/Card", "../components/ui/Badge", "../components/ui/Button", "../components/ui/Input", "../components/ui/Table", "../services/stockCheck"], "external_methods": ["makeMockUniverse", "runStockCheck"], "published": ["StockCheckPage"], "classes": [], "methods": [{"name": "todayISO()", "description": "Generates current date in ISO format (YYYY-MM-DD).", "scope": "", "scopeKind": ""}, {"name": "nextDayISO(iso)", "description": "Calculates the next day in ISO format given a date string.", "scope": "", "scopeKind": ""}, {"name": "fmtMoney(v)", "description": "Formats a number as currency with two decimal places or returns a dash if invalid.", "scope": "", "scopeKind": ""}, {"name": "fmtPct(v)", "description": "Formats a number as a percentage with two decimal places, adding a plus sign if positive.", "scope": "", "scopeKind": ""}, {"name": "StockCheckPage()", "scope": "", "scopeKind": "", "description": "unavailable"}], "calls": ["makeMockUniverse(250)", "runStockCheck({ currentDate, predictionDate, universe, eodPrices, macroOverrideNoTrade })"], "search-terms": ["StockCheckPage", "stock check", "EOD prices", "top10 tickers", "locked-spec execution", "canonical output", "front-end React component"], "state": 2, "file_id": 34, "knowledge_revision": 87, "git_revision": "bc71c709ebb929c7e6e452b1a64f1ac9d14b3e41", "revision_history": [{"78": "bc71c709ebb929c7e6e452b1a64f1ac9d14b3e41"}, {"87": "bc71c709ebb929c7e6e452b1a64f1ac9d14b3e41"}], "ctags": [{"_type": "tag", "name": "StockCheckPage", "path": "/home/kavia/workspace/code-generation/stock-insights-dashboard-239614-239623/stock_insight_analyzer_frontend/src/pages/StockCheckPage.js", "pattern": "/^export default function StockCheckPage() {$/", "language": "JavaScript", "kind": "function", "signature": "()"}, {"_type": "tag", "name": "currentDate", "path": "/home/kavia/workspace/code-generation/stock-insights-dashboard-239614-239623/stock_insight_analyzer_frontend/src/pages/StockCheckPage.js", "pattern": "/^                  value={currentDate}$/", "language": "JavaScript", "kind": "field", "scope": "value", "scopeKind": "class"}, {"_type": "tag", "name": "fmtMoney", "path": "/home/kavia/workspace/code-generation/stock-insights-dashboard-239614-239623/stock_insight_analyzer_frontend/src/pages/StockCheckPage.js", "pattern": "/^function fmtMoney(v) {$/", "language": "JavaScript", "kind": "function", "signature": "(v)"}, {"_type": "tag", "name": "fmtPct", "path": "/home/kavia/workspace/code-generation/stock-insights-dashboard-239614-239623/stock_insight_analyzer_frontend/src/pages/StockCheckPage.js", "pattern": "/^function fmtPct(v) {$/", "language": "JavaScript", "kind": "function", "signature": "(v)"}, {"_type": "tag", "name": "macroOverrideNoTrade", "path": "/home/kavia/workspace/code-generation/stock-insights-dashboard-239614-239623/stock_insight_analyzer_frontend/src/pages/StockCheckPage.js", "pattern": "/^                  checked={macroOverrideNoTrade}$/", "language": "JavaScript", "kind": "field", "scope": "checked", "scopeKind": "class"}, {"_type": "tag", "name": "nextDayISO", "path": "/home/kavia/workspace/code-generation/stock-insights-dashboard-239614-239623/stock_insight_analyzer_frontend/src/pages/StockCheckPage.js", "pattern": "/^function nextDayISO(iso) {$/", "language": "JavaScript", "kind": "function", "signature": "(iso)"}, {"_type": "tag", "name": "predictionDate", "path": "/home/kavia/workspace/code-generation/stock-insights-dashboard-239614-239623/stock_insight_analyzer_frontend/src/pages/StockCheckPage.js", "pattern": "/^                  value={predictionDate}$/", "language": "JavaScript", "kind": "field", "scope": "value", "scopeKind": "class"}, {"_type": "tag", "name": "resultsRef", "path": "/home/kavia/workspace/code-generation/stock-insights-dashboard-239614-239623/stock_insight_analyzer_frontend/src/pages/StockCheckPage.js", "pattern": "/^              ref={resultsRef}$/", "language": "JavaScript", "kind": "field", "scope": "ref", "scopeKind": "class"}, {"_type": "tag", "name": "statusTone", "path": "/home/kavia/workspace/code-generation/stock-insights-dashboard-239614-239623/stock_insight_analyzer_frontend/src/pages/StockCheckPage.js", "pattern": "/^          <Badge tone={statusTone}>{statusText}<\\/Badge>$/", "language": "JavaScript", "kind": "field", "scope": "AnonymousClass5e2614be0101", "scopeKind": "class"}, {"_type": "tag", "name": "todayISO", "path": "/home/kavia/workspace/code-generation/stock-insights-dashboard-239614-239623/stock_insight_analyzer_frontend/src/pages/StockCheckPage.js", "pattern": "/^function todayISO() {$/", "language": "JavaScript", "kind": "function", "signature": "()"}], "hash": "7052ba98aed2955152ba9d31cf729f9a", "format-version": 4, "code-base-name": "stock_insight_analyzer_frontend", "filename": "stock_insight_analyzer_frontend/src/pages/StockCheckPage.js", "fields": [{"name": "value={currentDate}", "scope": "value", "scopeKind": "class", "description": "unavailable"}, {"name": "checked={macroOverrideNoTrade}", "scope": "checked", "scopeKind": "class", "description": "unavailable"}, {"name": "value={predictionDate}", "scope": "value", "scopeKind": "class", "description": "unavailable"}, {"name": "ref={resultsRef}", "scope": "ref", "scopeKind": "class", "description": "unavailable"}, {"name": "<Badge tone={statusTone}>{statusText}<\\/Badge>", "scope": "AnonymousClass5e2614be0101", "scopeKind": "class", "description": "unavailable"}]}