{"is_source_file": true, "format": "JavaScript", "description": "A JavaScript module providing functions to fetch dashboard data, watchlist, news, and stock details, with fallback to mock data when remote API calls fail.", "external_files": ["../config/env", "./mockData"], "external_methods": ["getApiBaseUrl"], "published": ["getDashboard", "getWatchlist", "getNews", "getStockDetails"], "classes": [], "methods": [{"name": "fetchJson(url, options = {})", "description": "Utility function to perform a fetch request with a timeout and JSON parsing.", "scope": "", "scopeKind": ""}, {"name": "resolveBase()", "description": "Determines the base URL for API calls using environment configuration.", "scope": "", "scopeKind": ""}, {"name": "tryRemote(path, fallback)", "description": "Attempts to fetch data from remote API; falls back to mock data if the request fails.", "scope": "", "scopeKind": ""}, {"name": "getDashboard()", "description": "Public function to retrieve dashboard data, using remote API or mock fallback.", "scope": "", "scopeKind": ""}, {"name": "getWatchlist()", "description": "Public function to retrieve watchlist data, using remote API or mock fallback.", "scope": "", "scopeKind": ""}, {"name": "getNews()", "description": "Public function to retrieve news data, using remote API or mock fallback.", "scope": "", "scopeKind": ""}, {"name": "getStockDetails(symbol)", "description": "Public function to retrieve detailed stock info for a given symbol, with fallback.", "scope": "", "scopeKind": ""}], "calls": ["fetch", "clearTimeout", "setTimeout", "console.warn", "tryRemote", "tryRemote", "tryRemote", "tryRemote", "tryRemote", "mockDetails"], "search-terms": ["fetchJson", "tryRemote", "getDashboard", "getWatchlist", "getNews", "getStockDetails", "apiClient", "mockData", "fetch", "fallback"], "state": 2, "file_id": 16, "knowledge_revision": 54, "git_revision": "af8ae6fe2e666f874f92fba62317ae96e026be42", "ctags": [{"_type": "tag", "name": "DEFAULT_TIMEOUT_MS", "path": "/home/kavia/workspace/code-generation/stock-insights-dashboard-239614-239623/stock_insight_analyzer_frontend/src/services/apiClient.js", "pattern": "/^const DEFAULT_TIMEOUT_MS = 6500;$/", "language": "JavaScript", "kind": "constant"}, {"_type": "tag", "name": "fetchJson", "path": "/home/kavia/workspace/code-generation/stock-insights-dashboard-239614-239623/stock_insight_analyzer_frontend/src/services/apiClient.js", "pattern": "/^async function fetchJson(url, options = {}) {$/", "language": "JavaScript", "kind": "function", "signature": "(url, options = {})"}, {"_type": "tag", "name": "getDashboard", "path": "/home/kavia/workspace/code-generation/stock-insights-dashboard-239614-239623/stock_insight_analyzer_frontend/src/services/apiClient.js", "pattern": "/^export async function getDashboard() {$/", "language": "JavaScript", "kind": "function", "signature": "()"}, {"_type": "tag", "name": "getNews", "path": "/home/kavia/workspace/code-generation/stock-insights-dashboard-239614-239623/stock_insight_analyzer_frontend/src/services/apiClient.js", "pattern": "/^export async function getNews() {$/", "language": "JavaScript", "kind": "function", "signature": "()"}, {"_type": "tag", "name": "getStockDetails", "path": "/home/kavia/workspace/code-generation/stock-insights-dashboard-239614-239623/stock_insight_analyzer_frontend/src/services/apiClient.js", "pattern": "/^export async function getStockDetails(symbol) {$/", "language": "JavaScript", "kind": "function", "signature": "(symbol)"}, {"_type": "tag", "name": "getWatchlist", "path": "/home/kavia/workspace/code-generation/stock-insights-dashboard-239614-239623/stock_insight_analyzer_frontend/src/services/apiClient.js", "pattern": "/^export async function getWatchlist() {$/", "language": "JavaScript", "kind": "function", "signature": "()"}, {"_type": "tag", "name": "resolveBase", "path": "/home/kavia/workspace/code-generation/stock-insights-dashboard-239614-239623/stock_insight_analyzer_frontend/src/services/apiClient.js", "pattern": "/^function resolveBase() {$/", "language": "JavaScript", "kind": "function", "signature": "()"}, {"_type": "tag", "name": "tryRemote", "path": "/home/kavia/workspace/code-generation/stock-insights-dashboard-239614-239623/stock_insight_analyzer_frontend/src/services/apiClient.js", "pattern": "/^async function tryRemote(path, fallback) {$/", "language": "JavaScript", "kind": "function", "signature": "(path, fallback)"}], "hash": "33c6b74da14e126be42536023cfdea48", "format-version": 4, "code-base-name": "stock_insight_analyzer_frontend", "filename": "stock_insight_analyzer_frontend/src/services/apiClient.js", "revision_history": [{"54": "af8ae6fe2e666f874f92fba62317ae96e026be42"}]}