{"is_source_file": false, "format": "", "description": "", "external_files": [], "external_methods": [], "published": [], "classes": [], "methods": [], "calls": [], "search-terms": [], "state": 2, "file_id": 11, "knowledge_revision": 51, "git_revision": "af8ae6fe2e666f874f92fba62317ae96e026be42", "hash": "6779323966d881f67b1369f51c79eef2", "format-version": 4, "code-base-name": "stock_insight_analyzer_frontend", "filename": "stock_insight_analyzer_frontend/package.json", "revision_history": [{"51": "af8ae6fe2e666f874f92fba62317ae96e026be42"}]}