{"is_source_file": true, "format": "JavaScript", "description": "React component for the Stock Check page of a stock analysis dashboard. Provides user interface for inputting dates and stock prices, executing stock checks, and displaying analysis results including tables and JSON outputs.", "external_files": ["../components/ui/Card", "../components/ui/Badge", "../components/ui/Button", "../components/ui/Input", "../components/ui/Table", "../services/stockCheck"], "external_methods": ["makeMockUniverse", "runStockCheck"], "published": ["default"], "classes": [], "methods": [{"name": "todayISO()", "description": "Generates current date in ISO format (YYYY-MM-DD).", "scope": "", "scopeKind": ""}, {"name": "nextDayISO(iso)", "description": "Calculates the next day date in ISO format based on a given ISO date string.", "scope": "", "scopeKind": ""}, {"name": "fmtMoney(v)", "description": "Formats a number as a monetary string with two decimal places or returns '\u2014' for invalid input.", "scope": "", "scopeKind": ""}, {"name": "fmtPct(v)", "description": "Formats a number as a percentage string with two decimal places or returns '\u2014' for invalid input.", "scope": "", "scopeKind": ""}, {"name": "StockCheckPage()", "scope": "", "scopeKind": "", "description": "unavailable"}], "calls": ["makeMockUniverse", "runStockCheck", "setCurrentDate", "setPredictionDate", "setMacroOverrideNoTrade", "setRunTickers", "setLastOutput", "setLastTable", "setError", "setTimeout", "resultsRef.current?.focus?.", "errorRef.current?.focus?.", "URL.createObjectURL", "document.createElement", "a.href", "a.click", "a.remove", "URL.revokeObjectURL", "navigator.clipboard?.writeText", "document.createElement", "document.execCommand", "setJsonActionStatus", "clearJsonStatusSoon"], "search-terms": ["StockCheckPage", "stock check", "runStockCheck", "EOD prices", "prediction date", "current date", "locked spec", "JSON output", "stock universe", "table rendering"], "state": 2, "file_id": 34, "knowledge_revision": 89, "git_revision": "9032f7d58f5de6c38cfe8451fd052c6802b786c1", "revision_history": [{"78": "bc71c709ebb929c7e6e452b1a64f1ac9d14b3e41"}, {"87": "bc71c709ebb929c7e6e452b1a64f1ac9d14b3e41"}, {"89": "9032f7d58f5de6c38cfe8451fd052c6802b786c1"}], "ctags": [{"_type": "tag", "name": "StockCheckPage", "path": "/home/kavia/workspace/code-generation/stock-insights-dashboard-239614-239623/stock_insight_analyzer_frontend/src/pages/StockCheckPage.js", "pattern": "/^export default function StockCheckPage() {$/", "language": "JavaScript", "kind": "function", "signature": "()"}, {"_type": "tag", "name": "currentDate", "path": "/home/kavia/workspace/code-generation/stock-insights-dashboard-239614-239623/stock_insight_analyzer_frontend/src/pages/StockCheckPage.js", "pattern": "/^                  value={currentDate}$/", "language": "JavaScript", "kind": "field", "scope": "value", "scopeKind": "class"}, {"_type": "tag", "name": "fmtMoney", "path": "/home/kavia/workspace/code-generation/stock-insights-dashboard-239614-239623/stock_insight_analyzer_frontend/src/pages/StockCheckPage.js", "pattern": "/^function fmtMoney(v) {$/", "language": "JavaScript", "kind": "function", "signature": "(v)"}, {"_type": "tag", "name": "fmtPct", "path": "/home/kavia/workspace/code-generation/stock-insights-dashboard-239614-239623/stock_insight_analyzer_frontend/src/pages/StockCheckPage.js", "pattern": "/^function fmtPct(v) {$/", "language": "JavaScript", "kind": "function", "signature": "(v)"}, {"_type": "tag", "name": "macroOverrideNoTrade", "path": "/home/kavia/workspace/code-generation/stock-insights-dashboard-239614-239623/stock_insight_analyzer_frontend/src/pages/StockCheckPage.js", "pattern": "/^                  checked={macroOverrideNoTrade}$/", "language": "JavaScript", "kind": "field", "scope": "checked", "scopeKind": "class"}, {"_type": "tag", "name": "nextDayISO", "path": "/home/kavia/workspace/code-generation/stock-insights-dashboard-239614-239623/stock_insight_analyzer_frontend/src/pages/StockCheckPage.js", "pattern": "/^function nextDayISO(iso) {$/", "language": "JavaScript", "kind": "function", "signature": "(iso)"}, {"_type": "tag", "name": "predictionDate", "path": "/home/kavia/workspace/code-generation/stock-insights-dashboard-239614-239623/stock_insight_analyzer_frontend/src/pages/StockCheckPage.js", "pattern": "/^                  value={predictionDate}$/", "language": "JavaScript", "kind": "field", "scope": "value", "scopeKind": "class"}, {"_type": "tag", "name": "resultsRef", "path": "/home/kavia/workspace/code-generation/stock-insights-dashboard-239614-239623/stock_insight_analyzer_frontend/src/pages/StockCheckPage.js", "pattern": "/^              ref={resultsRef}$/", "language": "JavaScript", "kind": "field", "scope": "ref", "scopeKind": "class"}, {"_type": "tag", "name": "statusTone", "path": "/home/kavia/workspace/code-generation/stock-insights-dashboard-239614-239623/stock_insight_analyzer_frontend/src/pages/StockCheckPage.js", "pattern": "/^          <Badge tone={statusTone}>{statusText}<\\/Badge>$/", "language": "JavaScript", "kind": "field", "scope": "AnonymousClass5e2614be0101", "scopeKind": "class"}, {"_type": "tag", "name": "todayISO", "path": "/home/kavia/workspace/code-generation/stock-insights-dashboard-239614-239623/stock_insight_analyzer_frontend/src/pages/StockCheckPage.js", "pattern": "/^function todayISO() {$/", "language": "JavaScript", "kind": "function", "signature": "()"}], "hash": "292743727fe0c08affc2469f6ef5d14d", "format-version": 4, "code-base-name": "stock_insight_analyzer_frontend", "filename": "stock_insight_analyzer_frontend/src/pages/StockCheckPage.js", "fields": [{"name": "value={currentDate}", "scope": "value", "scopeKind": "class", "description": "unavailable"}, {"name": "checked={macroOverrideNoTrade}", "scope": "checked", "scopeKind": "class", "description": "unavailable"}, {"name": "value={predictionDate}", "scope": "value", "scopeKind": "class", "description": "unavailable"}, {"name": "ref={resultsRef}", "scope": "ref", "scopeKind": "class", "description": "unavailable"}, {"name": "<Badge tone={statusTone}>{statusText}<\\/Badge>", "scope": "AnonymousClass5e2614be0101", "scopeKind": "class", "description": "unavailable"}]}