{"is_source_file": true, "format": "JavaScript", "description": "This file defines an API client module for fetching stock-related data such as dashboard info, watchlist, news, and stock details. It includes functions for handling remote fetches with fallback to mock data and manages request timeouts.", "external_files": ["../config/env", "./mockData"], "external_methods": ["getApiBaseUrl"], "published": ["getDashboard", "getWatchlist", "getNews", "getStockDetails"], "classes": [], "methods": [{"name": "fetchJson(url, options = {})", "description": "Performs a fetch request and returns parsed JSON, with timeout handling.", "scope": "", "scopeKind": ""}, {"name": "resolveBase()", "description": "Resolves the API base URL from environment config; defaults to empty string if not set.", "scope": "", "scopeKind": ""}, {"name": "tryRemote(path, fallback)", "description": "Attempts to fetch data from remote API endpoint; on failure returns fallback data.", "scope": "", "scopeKind": ""}, {"name": "getDashboard()", "description": "Fetches dashboard data with fallback to mock data.", "scope": "", "scopeKind": ""}, {"name": "getWatchlist()", "description": "Fetches watchlist data with fallback to mock data.", "scope": "", "scopeKind": ""}, {"name": "getNews()", "description": "Fetches latest news with fallback to mock data.", "scope": "", "scopeKind": ""}, {"name": "getStockDetails(symbol)", "description": "Fetches stock details for a given symbol with fallback to mock data.", "scope": "", "scopeKind": ""}], "calls": ["fetch", "clearTimeout", "setTimeout", "tryRemote", "tryRemote", "tryRemote", "tryRemote"], "search-terms": ["apiClient", "fetchJson", "tryRemote", "getDashboard", "getWatchlist", "getNews", "getStockDetails"], "state": 2, "file_id": 16, "knowledge_revision": 91, "git_revision": "af8ae6fe2e666f874f92fba62317ae96e026be42", "revision_history": [{"54": "af8ae6fe2e666f874f92fba62317ae96e026be42"}, {"91": "af8ae6fe2e666f874f92fba62317ae96e026be42"}], "ctags": [{"_type": "tag", "name": "DEFAULT_TIMEOUT_MS", "path": "/home/kavia/workspace/code-generation/stock-insights-dashboard-239614-239623/stock_insight_analyzer_frontend/src/services/apiClient.js", "pattern": "/^const DEFAULT_TIMEOUT_MS = 6500;$/", "language": "JavaScript", "kind": "constant"}, {"_type": "tag", "name": "fetchJson", "path": "/home/kavia/workspace/code-generation/stock-insights-dashboard-239614-239623/stock_insight_analyzer_frontend/src/services/apiClient.js", "pattern": "/^async function fetchJson(url, options = {}) {$/", "language": "JavaScript", "kind": "function", "signature": "(url, options = {})"}, {"_type": "tag", "name": "getDashboard", "path": "/home/kavia/workspace/code-generation/stock-insights-dashboard-239614-239623/stock_insight_analyzer_frontend/src/services/apiClient.js", "pattern": "/^export async function getDashboard() {$/", "language": "JavaScript", "kind": "function", "signature": "()"}, {"_type": "tag", "name": "getNews", "path": "/home/kavia/workspace/code-generation/stock-insights-dashboard-239614-239623/stock_insight_analyzer_frontend/src/services/apiClient.js", "pattern": "/^export async function getNews() {$/", "language": "JavaScript", "kind": "function", "signature": "()"}, {"_type": "tag", "name": "getStockDetails", "path": "/home/kavia/workspace/code-generation/stock-insights-dashboard-239614-239623/stock_insight_analyzer_frontend/src/services/apiClient.js", "pattern": "/^export async function getStockDetails(symbol) {$/", "language": "JavaScript", "kind": "function", "signature": "(symbol)"}, {"_type": "tag", "name": "getWatchlist", "path": "/home/kavia/workspace/code-generation/stock-insights-dashboard-239614-239623/stock_insight_analyzer_frontend/src/services/apiClient.js", "pattern": "/^export async function getWatchlist() {$/", "language": "JavaScript", "kind": "function", "signature": "()"}, {"_type": "tag", "name": "resolveBase", "path": "/home/kavia/workspace/code-generation/stock-insights-dashboard-239614-239623/stock_insight_analyzer_frontend/src/services/apiClient.js", "pattern": "/^function resolveBase() {$/", "language": "JavaScript", "kind": "function", "signature": "()"}, {"_type": "tag", "name": "tryRemote", "path": "/home/kavia/workspace/code-generation/stock-insights-dashboard-239614-239623/stock_insight_analyzer_frontend/src/services/apiClient.js", "pattern": "/^async function tryRemote(path, fallback) {$/", "language": "JavaScript", "kind": "function", "signature": "(path, fallback)"}], "hash": "7b444c6b77514ca2010606d2f330a4a8", "format-version": 4, "code-base-name": "stock_insight_analyzer_frontend", "filename": "stock_insight_analyzer_frontend/src/services/apiClient.js"}