{"is_source_file": true, "file_id": 15, "git_revision": "", "state": 1, "description": "", "external_files": [], "external_methods": [], "published": [], "classes": [], "methods": [], "calls": [], "search-terms": [], "ctags": [{"_type": "tag", "name": "MOCK_DASHBOARD", "path": "/home/kavia/workspace/code-generation/stock-insights-dashboard-239614-239623/stock_insight_analyzer_frontend/src/services/mockData.js", "pattern": "/^export const MOCK_DASHBOARD = {$/", "language": "JavaScript", "kind": "class"}, {"_type": "tag", "name": "MOCK_NEWS", "path": "/home/kavia/workspace/code-generation/stock-insights-dashboard-239614-239623/stock_insight_analyzer_frontend/src/services/mockData.js", "pattern": "/^export const MOCK_NEWS = [$/", "language": "JavaScript", "kind": "constant"}, {"_type": "tag", "name": "MOCK_SYMBOLS", "path": "/home/kavia/workspace/code-generation/stock-insights-dashboard-239614-239623/stock_insight_analyzer_frontend/src/services/mockData.js", "pattern": "/^export const MOCK_SYMBOLS = [\"AAPL\", \"MSFT\", \"NVDA\", \"AMZN\", \"TSLA\", \"GOOGL\"];$/", "language": "JavaScript", "kind": "constant"}, {"_type": "tag", "name": "MOCK_WATCHLIST", "path": "/home/kavia/workspace/code-generation/stock-insights-dashboard-239614-239623/stock_insight_analyzer_frontend/src/services/mockData.js", "pattern": "/^export const MOCK_WATCHLIST = [$/", "language": "JavaScript", "kind": "constant"}, {"_type": "tag", "name": "asOf", "path": "/home/kavia/workspace/code-generation/stock-insights-dashboard-239614-239623/stock_insight_analyzer_frontend/src/services/mockData.js", "pattern": "/^    asOf: new Date().toISOString(),$/", "language": "JavaScript", "kind": "property", "scope": "MOCK_DASHBOARD.market", "scopeKind": "class"}, {"_type": "tag", "name": "breadth", "path": "/home/kavia/workspace/code-generation/stock-insights-dashboard-239614-239623/stock_insight_analyzer_frontend/src/services/mockData.js", "pattern": "/^    breadth: 0.62,$/", "language": "JavaScript", "kind": "property", "scope": "MOCK_DASHBOARD.market", "scopeKind": "class"}, {"_type": "tag", "name": "kpis", "path": "/home/kavia/workspace/code-generation/stock-insights-dashboard-239614-239623/stock_insight_analyzer_frontend/src/services/mockData.js", "pattern": "/^  kpis: [$/", "language": "JavaScript", "kind": "property", "scope": "MOCK_DASHBOARD", "scopeKind": "class"}, {"_type": "tag", "name": "market", "path": "/home/kavia/workspace/code-generation/stock-insights-dashboard-239614-239623/stock_insight_analyzer_frontend/src/services/mockData.js", "pattern": "/^  market: {$/", "language": "JavaScript", "kind": "class", "scope": "MOCK_DASHBOARD", "scopeKind": "class"}, {"_type": "tag", "name": "mockDetails", "path": "/home/kavia/workspace/code-generation/stock-insights-dashboard-239614-239623/stock_insight_analyzer_frontend/src/services/mockData.js", "pattern": "/^export function mockDetails(symbol) {$/", "language": "JavaScript", "kind": "function", "signature": "(symbol)"}, {"_type": "tag", "name": "movers", "path": "/home/kavia/workspace/code-generation/stock-insights-dashboard-239614-239623/stock_insight_analyzer_frontend/src/services/mockData.js", "pattern": "/^  movers: [$/", "language": "JavaScript", "kind": "property", "scope": "MOCK_DASHBOARD", "scopeKind": "class"}, {"_type": "tag", "name": "portfolio", "path": "/home/kavia/workspace/code-generation/stock-insights-dashboard-239614-239623/stock_insight_analyzer_frontend/src/services/mockData.js", "pattern": "/^    portfolio: [$/", "language": "JavaScript", "kind": "property", "scope": "MOCK_DASHBOARD.series", "scopeKind": "class"}, {"_type": "tag", "name": "sentiment", "path": "/home/kavia/workspace/code-generation/stock-insights-dashboard-239614-239623/stock_insight_analyzer_frontend/src/services/mockData.js", "pattern": "/^    sentiment: \"Bullish\",$/", "language": "JavaScript", "kind": "property", "scope": "MOCK_DASHBOARD.market", "scopeKind": "class"}, {"_type": "tag", "name": "series", "path": "/home/kavia/workspace/code-generation/stock-insights-dashboard-239614-239623/stock_insight_analyzer_frontend/src/services/mockData.js", "pattern": "/^  series: {$/", "language": "JavaScript", "kind": "class", "scope": "MOCK_DASHBOARD", "scopeKind": "class"}, {"_type": "tag", "name": "volatility", "path": "/home/kavia/workspace/code-generation/stock-insights-dashboard-239614-239623/stock_insight_analyzer_frontend/src/services/mockData.js", "pattern": "/^    volatility: 18.4,$/", "language": "JavaScript", "kind": "property", "scope": "MOCK_DASHBOARD.market", "scopeKind": "class"}, {"_type": "tag", "name": "volume", "path": "/home/kavia/workspace/code-generation/stock-insights-dashboard-239614-239623/stock_insight_analyzer_frontend/src/services/mockData.js", "pattern": "/^    volume: [$/", "language": "JavaScript", "kind": "property", "scope": "MOCK_DASHBOARD.series", "scopeKind": "class"}], "format": "JavaScript", "hash": "aad5136079c23e6aceb9b3b856700449", "format-version": 4, "code-base-name": "stock_insight_analyzer_frontend", "filename": "stock_insight_analyzer_frontend/src/services/mockData.js", "knowledge_revision": 30}