{"is_source_file": true, "format": "JavaScript", "description": "React functional component defining a Badge UI element, which displays a small pill-shaped badge with configurable color tone.", "external_files": ["react"], "external_methods": [], "published": ["Badge"], "classes": [], "methods": [{"name": "Badge({ tone = \"blue\", children })", "description": "A React functional component that renders a span with a badge style, using 'tone' prop to determine color class.", "scope": "", "scopeKind": ""}], "calls": ["React"], "search-terms": ["Badge", "react", "pill badge", "UI component", "badge styling", "tone"], "state": 2, "file_id": 19, "knowledge_revision": 57, "git_revision": "af8ae6fe2e666f874f92fba62317ae96e026be42", "ctags": [{"_type": "tag", "name": "Badge", "path": "/home/kavia/workspace/code-generation/stock-insights-dashboard-239614-239623/stock_insight_analyzer_frontend/src/components/ui/Badge.js", "pattern": "/^export function Badge({ tone = \"blue\", children }) {$/", "language": "JavaScript", "kind": "function", "signature": "({ tone = \"blue\", children })"}, {"_type": "tag", "name": "cls", "path": "/home/kavia/workspace/code-generation/stock-insights-dashboard-239614-239623/stock_insight_analyzer_frontend/src/components/ui/Badge.js", "pattern": "/^  return <span className={cls}>{children}<\\/span>;$/", "language": "JavaScript", "kind": "field", "scope": "Badge.AnonymousClasse3b5b3150101", "scopeKind": "class"}], "hash": "a4a19167cde3e8db687ec480500370c1", "format-version": 4, "code-base-name": "stock_insight_analyzer_frontend", "filename": "stock_insight_analyzer_frontend/src/components/ui/Badge.js", "fields": [{"name": "return <span className={cls}>{children}<\\/span>;", "scope": "Badge.AnonymousClasse3b5b3150101", "scopeKind": "class", "description": "unavailable"}], "revision_history": [{"57": "af8ae6fe2e666f874f92fba62317ae96e026be42"}]}