{"is_source_file": false, "format": "", "description": "", "external_files": [], "external_methods": [], "published": [], "classes": [], "methods": [], "calls": [], "search-terms": [], "state": 2, "file_id": 6, "knowledge_revision": 95, "git_revision": "ab04ffe1735b914dea26c00d772d8f89dd92cbd1", "ctags": [], "hash": "2592b8558435fe19aac7c82a12087767", "format-version": 4, "code-base-name": "stock_insight_analyzer_frontend", "filename": "stock_insight_analyzer_frontend/src/setupTests.js", "revision_history": [{"95": "ab04ffe1735b914dea26c00d772d8f89dd92cbd1"}]}