{"is_source_file": true, "format": "JavaScript", "description": "Defines a React functional component named Button used for rendering styled buttons with different variants.", "external_files": ["react"], "external_methods": [], "published": ["Button"], "classes": [], "methods": [{"name": "Button({ variant = \"default\", className = \"\", ...props })", "description": "React functional component for rendering a button with different style variants.", "scope": "", "scopeKind": ""}], "calls": ["React"], "search-terms": ["Button component", "React", "styled button", "variant", "primary", "ghost"], "state": 2, "file_id": 17, "knowledge_revision": 55, "git_revision": "af8ae6fe2e666f874f92fba62317ae96e026be42", "ctags": [{"_type": "tag", "name": "${variantClass} ${className}", "path": "/home/kavia/workspace/code-generation/stock-insights-dashboard-239614-239623/stock_insight_analyzer_frontend/src/components/ui/Button.js", "pattern": "/^  return <button className={`${variantClass} ${className}`.trim()} {...props} \\/>;$/", "language": "JavaScript", "kind": "field", "scope": "Button.AnonymousClassbe5ea0de0101", "scopeKind": "class"}, {"_type": "tag", "name": "Button", "path": "/home/kavia/workspace/code-generation/stock-insights-dashboard-239614-239623/stock_insight_analyzer_frontend/src/components/ui/Button.js", "pattern": "/^export function Button({ variant = \"default\", className = \"\", ...props }) {$/", "language": "JavaScript", "kind": "function", "signature": "({ variant = \"default\", className = \"\", ...props })"}], "hash": "15ce33dc6adbea54a67bfc46bfa07b40", "format-version": 4, "code-base-name": "stock_insight_analyzer_frontend", "filename": "stock_insight_analyzer_frontend/src/components/ui/Button.js", "fields": [{"name": "return <button className={`${variantClass} ${className}`.trim()} {...props} \\/>;", "scope": "Button.AnonymousClassbe5ea0de0101", "scopeKind": "class", "description": "unavailable"}], "revision_history": [{"55": "af8ae6fe2e666f874f92fba62317ae96e026be42"}]}