{"is_source_file": false, "format": "", "description": "", "external_files": [], "external_methods": [], "published": [], "classes": [], "methods": [], "calls": [], "search-terms": [], "state": 2, "file_id": 10, "knowledge_revision": 20, "git_revision": "75451440dfdc9e521d6a4726dfbc2284924ed1fd", "hash": "be6538e7523bc2e9da0743133d784136", "format-version": 4, "code-base-name": "stock_insight_analyzer_frontend", "filename": "stock_insight_analyzer_frontend/eslint.config.mjs", "revision_history": [{"20": "75451440dfdc9e521d6a4726dfbc2284924ed1fd"}]}