{"is_source_file": true, "format": "JavaScript (React component)", "description": "This file defines a React functional component named 'Card' which renders a flexible card UI element with optional header sections (title, meta, actions) and children content.", "external_files": ["react"], "external_methods": [], "published": ["Card"], "classes": [], "methods": [{"name": "Card({ title, meta, actions, children, className = \"\" })", "description": "React functional component that renders a card with optional header sections and children content.", "scope": "", "scopeKind": ""}], "calls": ["React"], "search-terms": ["Card", "React", "UI component", "card header", "props", "children", "meta", "actions"], "state": 2, "file_id": 18, "knowledge_revision": 56, "git_revision": "af8ae6fe2e666f874f92fba62317ae96e026be42", "ctags": [{"_type": "tag", "name": "Card", "path": "/home/kavia/workspace/code-generation/stock-insights-dashboard-239614-239623/stock_insight_analyzer_frontend/src/components/ui/Card.js", "pattern": "/^export function Card({ title, meta, actions, children, className = \"\" }) {$/", "language": "JavaScript", "kind": "function", "signature": "({ title, meta, actions, children, className = \"\" })"}, {"_type": "tag", "name": "card ${className}", "path": "/home/kavia/workspace/code-generation/stock-insights-dashboard-239614-239623/stock_insight_analyzer_frontend/src/components/ui/Card.js", "pattern": "/^    <section className={`card ${className}`.trim()}>$/", "language": "JavaScript", "kind": "field", "scope": "Card.AnonymousClass1e8df2dc0101", "scopeKind": "class"}], "hash": "71a45039d9170f2336e5d86026168fde", "format-version": 4, "code-base-name": "stock_insight_analyzer_frontend", "filename": "stock_insight_analyzer_frontend/src/components/ui/Card.js", "fields": [{"name": "<section className={`card ${className}`.trim()}>", "scope": "Card.AnonymousClass1e8df2dc0101", "scopeKind": "class", "description": "unavailable"}], "revision_history": [{"56": "af8ae6fe2e666f874f92fba62317ae96e026be42"}]}