{"is_source_file": true, "format": "JavaScript (React JSX)", "description": "This is the main application component for a React-based dashboard web app. It sets up routing for various pages like dashboard, stock details, watchlist, news, stock check, settings, and a 404 Not Found page. It manages global state for counts of watchlist and news items, fetching data asynchronously on mount. It also imports layout component and external services for API calls.", "external_files": ["./components/layout/AppLayout", "./pages/DashboardPage", "./pages/DetailsPage", "./pages/WatchlistPage", "./pages/NewsPage", "./pages/StockCheckPage", "./pages/SettingsPage", "./pages/NotFoundPage", "./services/apiClient", "./App.css"], "external_methods": ["getNews", "getWatchlist"], "published": ["default"], "classes": [], "methods": [{"name": "App()", "description": "Main functional component initializing routing and layout, manages global counts state, fetches initial data.", "scope": "", "scopeKind": ""}], "calls": ["useEffect", "Promise.all", "setCounts", "useMemo", "BrowserRouter", "Routes", "Route", "AppLayout", "DashboardPage", "DetailsPage", "WatchlistPage", "NewsPage", "StockCheckPage", "SettingsPage", "NotFoundPage", "getWatchlist", "getNews"], "search-terms": ["React routing", "dashboard state management", "React hooks", "AppPage", "main application component"], "state": 2, "file_id": 5, "knowledge_revision": 74, "git_revision": "bc71c709ebb929c7e6e452b1a64f1ac9d14b3e41", "revision_history": [{"25": "75451440dfdc9e521d6a4726dfbc2284924ed1fd"}, {"49": "af8ae6fe2e666f874f92fba62317ae96e026be42"}, {"74": "bc71c709ebb929c7e6e452b1a64f1ac9d14b3e41"}], "ctags": [{"_type": "tag", "name": "App", "path": "/home/kavia/workspace/code-generation/stock-insights-dashboard-239614-239623/stock_insight_analyzer_frontend/src/App.js", "pattern": "/^export default function App() {$/", "language": "JavaScript", "kind": "function", "signature": "()"}], "hash": "c655b9c8fc153118c288ce3d885ef7dc", "format-version": 4, "code-base-name": "stock_insight_analyzer_frontend", "filename": "stock_insight_analyzer_frontend/src/App.js"}